date,business_name,comment,longitude,latitude,status
2017-02-18 20:54:59+00:00,Shin-Sen-Gumi Yakitori Izakaya - West L.A.,,-118.449145,34.046994,Displayed
2017-10-11 04:23:25+00:00,Kippy's Ice Cream Shop,,-118.478462,33.996849,Displayed
2017-11-14 03:20:41+00:00,Kippy's Ice Cream Shop,,-118.478468,33.996828,Displayed
2018-01-20 08:34:37+00:00,Milk Tavern,,-118.308877,34.064488,Displayed
2018-04-21 20:51:20+00:00,Junbi Matcha & Tea - Westwood,,-118.447691,34.062437,Displayed
2018-08-06 02:37:15+00:00,So Gong Dong Tofu House,Hanging out with friends!,-122.125245,37.41369,Displayed
2018-08-08 19:38:19+00:00,wonderful,Work lunch!,-122.391501,37.600531,Displayed
2018-08-08 20:42:19+00:00,Bambu,Post work lunch boba!,-122.389952,37.600394,Displayed
2018-08-13 20:01:06+00:00,Ben Tre Vietnamese Homestyle Cuisine,Work lunch!,-122.390129,37.60063,Displayed
2018-08-13 20:02:21+00:00,Bambu,Post work lunch boba,-122.389846,37.600423,Displayed
2018-08-14 03:08:48+00:00,Ben Tre Vietnamese Homestyle Cuisine,Hanging out with friends! Second time at Ben Tre in one day!,-122.323795,37.566078,Displayed
2018-08-14 03:52:03+00:00,Sharetea,Post dinner boba!,-122.322689,37.566164,Displayed
2018-08-14 19:40:51+00:00,Little Lucca,Work lunch,-122.38446,37.594099,Displayed
2018-08-14 20:21:45+00:00,Tiger Tea & Juice - Burlingame,,-122.384276,37.593933,Displayed
2018-08-15 19:29:39+00:00,wonderful,Here to see anil off before the wedding!,-122.391363,37.600679,Displayed
2018-08-15 20:22:48+00:00,Bambu,Boba!,-122.389937,37.600382,Displayed
2018-08-16 02:11:05+00:00,Sushi Sam's Edomata,Dinner!,-122.322791,37.56516,Displayed
2018-08-16 03:34:45+00:00,Cha Express,Boba!,-122.32279,37.565129,Displayed
2018-08-16 19:46:23+00:00,The Counter San Mateo,Work lunch!,-122.298057,37.535687,Displayed
2018-08-17 03:17:00+00:00,Himawari,Ramen!,-122.323791,37.56574,Displayed
2018-08-17 19:44:41+00:00,Little Sichuan,Work lunch!,-122.322349,37.563758,Displayed
2018-08-17 20:49:59+00:00,Chatime,Boba!,-122.322921,37.564039,Displayed
2018-08-19 03:15:34+00:00,Tín On Spear,Food,-122.421985,37.7653,Displayed
2018-08-19 19:26:28+00:00,San Tung,Wings,-122.468986,37.763671,Displayed
2018-08-19 21:41:56+00:00,Home Coffee Roasters,Coffee!,-122.481028,37.782224,Displayed
2018-08-20 03:11:13+00:00,Peony Seafood Restaurant,Dinner banquet,-122.271503,37.8008,Displayed
2018-08-20 20:13:31+00:00,The Burrow,Boba guys,-122.403079,37.683486,Displayed
2018-08-23 20:28:10+00:00,The Burrow,Boba,-122.403034,37.683514,Displayed
2018-08-24 19:38:52+00:00,Blue Line Pizza,Work lunch!,-122.345858,37.579807,Displayed
2018-08-24 20:39:12+00:00,i-Tea,Boba!,-122.34688,37.580137,Displayed
2018-08-25 18:26:26+00:00,Grand Palace Seafood Restaurant 富源酒家,Dim sum with family!,-122.411521,37.655393,Displayed
2018-08-26 03:02:07+00:00,Ben Tre Vietnamese Homestyle Cuisine,Dinner!,-122.323911,37.565965,Displayed
2018-08-28 19:48:16+00:00,Mom's Tofu House,Work lunch!,-122.409015,37.654664,Displayed
2018-08-28 20:46:58+00:00,BeauTea,Post work lunch boba!,-122.412013,37.65554,Displayed
2018-08-29 18:44:15+00:00,wonderful,Work lunch!,-122.391423,37.600679,Displayed
2018-08-29 19:34:21+00:00,Bambu,Post work lunch boba!,-122.389797,37.600537,Displayed
2018-08-30 02:05:42+00:00,Saigon City,Dinner!,-122.321014,37.566588,Displayed
2018-08-30 19:29:36+00:00,Ben Tre Vietnamese Homestyle Cuisine,Work lunch!,-122.323846,37.566097,Displayed
2018-08-31 19:33:54+00:00,Bangkok Patio,Work lunch!,-122.319741,37.567303,Displayed
2018-09-03 02:29:18+00:00,Himawari,Dinner!,-122.323909,37.565824,Displayed
2018-09-03 21:11:48+00:00,Hummus Mediterranean Kitchen,Post movie lunch!,-122.322815,37.563899,Displayed
2018-09-04 19:55:21+00:00,Happy Lemon,Work boba!,-122.41752,37.637182,Displayed
2018-09-05 20:00:33+00:00,The Burrow,Work boba!,-122.403069,37.683426,Displayed
2018-09-06 02:15:04+00:00,Triple Rock Brewery & Ale House,Trivia!,-122.268555,37.873479,Displayed
2018-09-07 19:54:06+00:00,Taqueria San Bruno,Work lunch!,-122.411405,37.635211,Displayed
2018-09-10 19:34:16+00:00,wonderful,Work lunch!,-122.391459,37.600676,Displayed
2018-09-10 20:42:56+00:00,Bambu,Post work lunch boba!,-122.389823,37.600588,Displayed
2018-09-11 20:32:38+00:00,The Burrow,Work boba!,-122.403127,37.683401,Displayed
2018-09-13 19:47:41+00:00,Dumpling Empire,Work lunch!,-122.40881,37.654609,Displayed
2018-09-13 20:33:54+00:00,BeauTea,Post work lunch boba!,-122.412052,37.655658,Displayed
2018-09-14 19:51:20+00:00,Crepevine Restaurants,Last work lunch!,-122.347608,37.578496,Displayed
2018-09-14 20:36:21+00:00,Happy Lemon,Last post work lunch boba!,-122.348412,37.577331,Displayed
2018-09-17 18:25:01+00:00,Ramen Dojo,Lunch!,-122.318533,37.562152,Displayed
2018-09-18 02:13:11+00:00,Hummus Mediterranean Kitchen,Dinner!,-122.32267,37.563861,Displayed
2018-09-18 03:17:32+00:00,Gong Cha,Boba!,-122.32383,37.566925,Displayed
2018-09-18 04:08:07+00:00,The Great Entertainer,Pool!,-122.309426,37.547704,Displayed
2018-09-22 21:40:47+00:00,Gum Kuo Restaurant,Post Yosemite trip lunch!,-122.271602,37.800666,Displayed
2018-09-24 00:32:18+00:00,Fat Wong's Kitchen,Family dinner!,-122.406386,37.615771,Displayed
2018-09-25 00:11:16+00:00,Daikokuya - Sawtelle,Dinner with the parents!,-118.440842,34.037991,Displayed
2018-09-26 04:14:44+00:00,Salt & Straw,Ice cream!,-118.385583,34.084177,Displayed
2018-09-26 20:21:06+00:00,Chick-fil-A,Free 8 count nuggets!,-118.445348,34.063597,Displayed
2018-09-28 06:38:26+00:00,El Chato Taco Truck,Tacos!,-118.450369,34.064804,Displayed
2018-09-29 02:27:21+00:00,Kansha Creamery,Pre beacon ice cream!,-118.30936,33.862783,Displayed
2018-09-29 09:01:18+00:00,Louis Burgers IV,Post beacon food!,-118.448212,34.06432,Displayed
2018-09-30 04:00:25+00:00,Leo's Tacos Truck,Tacos!,-118.345823,34.046251,Displayed
2018-09-30 05:19:36+00:00,Wanderlust Creamery,Ice cream!,-118.46542,33.999921,Displayed
2018-09-30 18:37:08+00:00,Pho So 1,After church lunch!,-118.308821,33.888925,Displayed
2018-10-03 05:38:59+00:00,BJ's Restaurant & Brewhouse,Tuesday pizookies!,-118.447258,34.062842,Displayed
2018-10-04 16:22:16+00:00,El Chato Taco Truck,Tacos x8!,-118.444731,34.067011,Displayed
2018-10-05 23:32:11+00:00,It's Boba Time,Boba!,-118.446775,34.062654,Displayed
2018-10-07 06:12:52+00:00,Seoul House of Tofu,Post football game food!,-118.448365,34.064318,Displayed
2018-10-07 18:31:58+00:00,Da Maat,Post church lunch!,-118.335577,33.822577,Displayed
2018-10-11 01:18:18+00:00,Chick-fil-A,Bogo!,-118.44502,34.063461,Displayed
2018-10-13 04:36:39+00:00,Lotus Tea Lounge,Beacon boba!,-118.328987,33.821646,Displayed
2018-10-13 19:15:10+00:00,El Chato Taco Truck,,-118.448104,34.064356,Displayed
2018-10-16 04:26:28+00:00,Honeyboba,Boba/dessert!,-118.454038,34.04474,Displayed
2018-10-16 22:02:09+00:00,AYCE Gogi - VAN NUYS,Kbbq with the parents!,-118.447883,34.200095,Displayed
2018-10-20 01:39:39+00:00,Kansha Creamery,Pre feed my starving children ice cream!,-118.309441,33.862857,Displayed
2018-10-20 05:14:13+00:00,Killer Noodle,Excited to lose all feeling in my face,-118.442973,34.040328,Displayed
2018-10-20 07:14:56+00:00,Noble Tea,Boba!,-118.448253,34.064347,Displayed
2018-10-21 07:26:28+00:00,Tsujita LA Artisan Noodle,Post football game ramen!,-118.442602,34.039619,Displayed
2018-10-21 19:59:36+00:00,Tsujita LA Artisan Noodle,After church lunch!,-118.442615,34.039525,Displayed
2018-10-21 23:58:43+00:00,Noble Tea,Post lunch boba!,-118.448196,34.064322,Displayed
2018-10-25 06:45:18+00:00,Daikokuya - Sawtelle,Post retreat team food! Our waiter understands!,-118.441295,34.037775,Displayed
2018-10-27 02:42:13+00:00,Kansha Creamery,Pre beacon ice cream!,-118.309383,33.862699,Displayed
2018-10-27 21:58:56+00:00,Kura Revolving Sushi Bar,Beautiful!,-118.441868,34.039083,Displayed
2018-10-28 20:02:53+00:00,Seoul House of Tofu,After church lunch!,-118.442565,34.039429,Displayed
2018-10-31 05:34:46+00:00,BJ's Restaurant & Brewhouse,Tuesday pizookies but chips and guac instead!,-118.447294,34.062966,Displayed
2018-11-03 02:47:42+00:00,Kansha Creamery,Pre beacon ice cream!,-118.309354,33.862746,Displayed
2018-11-04 03:03:41+00:00,BIBIBOP Asian Grill,Free playful!,-118.44815,34.064222,Displayed
2018-11-04 04:02:46+00:00,It's Boba Time,Boba with Pedro!,-118.446851,34.062513,Displayed
2018-11-04 21:56:58+00:00,Killer Noodle,Post lunch lunch!,-118.442837,34.040379,Displayed
2018-11-05 02:23:54+00:00,Marugame Udon,Dinner!,-118.443118,34.040158,Displayed
2018-11-07 18:33:22+00:00,Chick-fil-A,Free sandwich from basketball game!,-118.445058,34.063589,Displayed
2018-11-08 08:59:32+00:00,Volcano Tea House,Post retreat team meeting hangout!,-118.44813,34.064259,Displayed
2018-11-08 08:59:55+00:00,Saffron & Rose Persian Ice Cream,Free ice cream from hooked!,-118.448252,34.064198,Displayed
2018-11-10 05:15:33+00:00,Milk Bar,Pedro wants to spend $100!,-118.345397,34.083186,Displayed
2018-11-11 22:46:41+00:00,Aloha Platez & Shave Ice,After church lunch!,-118.448244,34.064336,Displayed
2018-11-13 01:45:59+00:00,Hae Jang Chon,Kbbq!,-118.30606,34.063854,Displayed
2018-11-14 07:50:23+00:00,BJ's Restaurant & Brewhouse,Tuesday pizookies but chips and guacamole instead!,-118.447315,34.062929,Displayed
2018-11-17 03:41:30+00:00,McDonald's,Pre beacon food!,-118.326801,33.865952,Displayed
2018-11-18 02:44:27+00:00,Hangari Kalguksu,Post ucla usc football game!,-118.297707,34.06288,Displayed
2018-11-19 06:20:07+00:00,Salt & Straw,Trying to fix my car battery ice cream! -yesterday,-118.448204,34.064347,Displayed
2018-11-19 22:52:34+00:00,Boba Guys,Paying off my debts! And testing my car battery!,-118.387393,34.027651,Displayed
2018-11-20 19:53:20+00:00,Chick-fil-A,Free chick fil a!,-118.448233,34.064199,Displayed
2018-11-21 06:48:08+00:00,BJ's Restaurant & Brewhouse,Tuesday chips and guac!,-118.447404,34.062994,Displayed
2018-11-24 02:53:22+00:00,Saigon City,Number 29 extra large pho!!,-122.320872,37.56633,Displayed
2018-11-25 08:39:02+00:00,BJ's Restaurant & Brewhouse,Beer!,-122.382541,37.600803,Displayed
2018-11-25 08:39:33+00:00,In-N-Out Burger,Burgers!,-122.382461,37.600816,Displayed
2018-11-28 06:39:29+00:00,BJ's Restaurant & Brewhouse,Chips and guac!,-118.447222,34.062915,Displayed
2018-11-29 07:59:19+00:00,JJUKKU JJUKKU BBQ,Retreat team kbbq!,-118.297761,34.062244,Displayed
2018-12-01 03:37:17+00:00,Junbi Matcha & Tea - Westwood,Boba!,-118.447629,34.062367,Displayed
2018-12-01 06:26:28+00:00,Lamonica's NY Pizza,Late night pizza!,-118.446733,34.06084,Displayed
2018-12-01 21:42:59+00:00,Roscoe's House of Chicken & Waffles,First time in a long time!,-118.36724,33.962004,Displayed
2018-12-02 04:49:39+00:00,Broxton Brewery & Public House,Biscuits!,-118.445094,34.061919,Displayed
2018-12-02 20:28:05+00:00,Daikokuya - Sawtelle,Post lunch ramen!,-118.441137,34.037658,Displayed
2018-12-05 06:12:27+00:00,BJ's Restaurant & Brewhouse,Chips and guac!,-118.447259,34.062957,Displayed
2018-12-08 04:31:33+00:00,Salt & Straw,Post first fridays!,-118.46603,33.990723,Displayed
2018-12-09 20:19:42+00:00,Chipotle Mexican Grill,Post church food!,-118.464599,34.05366,Displayed
2018-12-13 03:38:38+00:00,Chick-fil-A,Bogo!,-118.448408,34.064288,Displayed
2018-12-13 23:27:27+00:00,Percolate,Post finals boba!,-118.459653,34.041678,Displayed
2018-12-14 09:59:48+00:00,Chick-fil-A,Bogo milkshakes!,-118.448437,34.064341,Displayed
2018-12-15 03:38:00+00:00,Fat Wong's Kitchen,Winter break dinner!,-122.387489,37.598286,Displayed
2018-12-16 01:25:00+00:00,Tai Wu,Good food!,-122.390786,37.60195,Displayed
2018-12-18 02:14:48+00:00,Ben Tre Vietnamese Homestyle Cuisine,Food before a movie!,-122.322604,37.565575,Displayed
2018-12-19 08:02:15+00:00,BJ's Restaurant & Brewhouse,Pizookies!,-122.282743,37.560856,Displayed
2018-12-19 21:19:38+00:00,Seapot Hot Pot & KBBQ,Revolving hot pot!,-122.311095,37.548589,Displayed
2018-12-20 04:48:02+00:00,Super Duper Burgers,Super burger!,-122.404147,37.787071,Displayed
2018-12-20 20:03:50+00:00,The Bird,Fried chicken sandwich!,-122.403263,37.788035,Displayed
2018-12-20 23:06:36+00:00,Boba Guys,Boba!,-122.407185,37.789977,Displayed
2018-12-21 06:17:58+00:00,GINTO Izakaya Japonaise,Happy hour food!,-122.402717,37.788425,Displayed
2018-12-22 17:16:16+00:00,Happy Donuts,Cronut holes!,-122.360939,37.545936,Displayed
2018-12-23 22:50:16+00:00,San Tung,Wings!,-122.469381,37.764223,Displayed
2018-12-24 00:45:23+00:00,Happy Lemon,Boba!,-122.266884,37.559129,Displayed
2018-12-27 21:48:05+00:00,San Tung,Here for Toby!,-122.469016,37.763857,Displayed
2018-12-27 23:42:53+00:00,Bi-Rite Creamery,Ice cream with Toby!,-122.425648,37.761457,Displayed
2018-12-28 04:29:07+00:00,Himawari,Just a beer,-122.323692,37.565802,Displayed
2018-12-29 04:37:08+00:00,Moonstar,With the parents,-122.360894,37.545873,Displayed
2018-12-29 20:42:17+00:00,Grand Palace Seafood Restaurant 富源酒家,Dim sum with the family,-122.411574,37.655334,Displayed
2018-12-31 02:54:18+00:00,Izzy's on the Peninsula,Family dinner!,-122.254484,37.513733,Displayed
2019-01-02 20:34:18+00:00,Sweet Maple,Brunch with Jluu,-122.434998,37.785809,Displayed
2019-01-03 21:36:29+00:00,wonderful,For the green onion pancakes,-122.391433,37.60065,Displayed
2019-01-03 22:36:47+00:00,T4,Da boba boys,-122.392076,37.601207,Displayed
2019-01-04 20:23:08+00:00,Old Town Sushi,Food!,-122.324192,37.566864,Displayed
2019-01-04 21:28:08+00:00,Boba Guys,Da boba guy,-122.256976,37.502819,Displayed
2019-01-05 21:56:38+00:00,El Dollar Taqueria,Tacos on 5,-119.659673,35.618313,Displayed
2019-01-06 04:49:29+00:00,Seoul House of Tofu,Back at ucla food,-118.442609,34.039274,Displayed
2019-01-06 20:02:47+00:00,Da Maat,Post church lunch!,-118.335537,33.822626,Displayed
2019-01-07 08:28:35+00:00,Killer Noodle,Crying on 2-2,-118.448312,34.064335,Displayed
2019-01-08 20:01:23+00:00,Rocco's Tavern,Trivia night,-118.442427,34.069945,Displayed
2019-01-09 06:40:11+00:00,BJ's Restaurant & Brewhouse,Chips and guac,-118.447147,34.062943,Displayed
2019-01-10 09:19:37+00:00,Denny's,Post retreat meeting,-118.448274,34.064272,Displayed
2019-01-12 03:21:34+00:00,Chef Kang Food Rehab,No beacon so food!!,-118.292135,34.067265,Displayed
2019-01-13 21:49:52+00:00,Bruxie,Post church food!,-118.492733,34.014314,Displayed
2019-01-14 04:08:45+00:00,Chipotle Mexican Grill,Bogo!,-118.464945,34.053559,Displayed
2019-01-16 04:32:19+00:00,Rocco's Tavern,Trivia night,-118.448581,34.064003,Displayed
2019-01-16 06:19:27+00:00,BJ's Restaurant & Brewhouse,Chips and guac,-118.447257,34.062835,Displayed
2019-01-18 04:58:56+00:00,Marugame Udon,Food!!,-118.443073,34.040162,Displayed
2019-01-18 06:07:37+00:00,Noble Tea,Boba boba,-118.442715,34.039331,Displayed
2019-01-19 19:23:35+00:00,Jasmine Seafood Restaurant,Before retreat dim sum!!!!!!!!!!!!!,-117.154967,32.823788,Displayed
2019-01-21 20:50:16+00:00,Tofu House,Post retreat food. I’m kinda tired tbh,-117.155841,32.825199,Displayed
2019-01-21 23:41:41+00:00,7 Leaves Cafe,Coffee because I am still tired :(,-117.771416,33.687556,Displayed
2019-01-24 00:29:20+00:00,BIBIBOP Asian Grill,Bogo,-118.446385,34.061655,Displayed
2019-01-26 03:34:37+00:00,Kansha Creamery,Ice cream!!!,-118.309286,33.862842,Displayed
2019-01-27 06:12:06+00:00,Salt & Straw,Post basketball game ice cream!!!,-118.466057,33.990819,Displayed
2019-01-29 02:36:30+00:00,Chick-fil-A,Free basketball game chick fil a,-118.445052,34.063463,Displayed
2019-01-30 03:09:26+00:00,Meat Love Korean BBQ,Meat!,-118.309274,34.04966,Displayed
2019-01-30 05:32:57+00:00,Salt & Straw,Post kbbq ice cream,-118.32339,34.075839,Displayed
2019-02-02 05:17:28+00:00,Shojin,Happy birthday @elizabeth!,-118.428582,33.996931,Displayed
2019-02-02 06:53:27+00:00,Ginger’s Divine Ice Creams,Ice cream! It’s huge!,-118.431297,33.996768,Displayed
2019-02-03 03:56:14+00:00,Han Bat Sul Lung Tang,"With the best people ever! Thanks for sharing tears, laughs, stress, and fun.",-118.309011,34.062272,Displayed
2019-02-03 07:21:01+00:00,Ginger’s Divine Ice Creams,Ice cream 2 days in a row,-118.448512,34.064324,Displayed
2019-02-08 16:59:50+00:00,El Chato Taco Truck,4 tacos!,-118.448158,34.064219,Displayed
2019-02-09 21:50:54+00:00,El Chato Taco Truck,2 taco 1 burrito,-118.448138,34.064279,Displayed
2019-02-10 20:27:10+00:00,Flaming Pot,“Hanging our with friends!”,-118.440632,34.03758,Displayed
2019-02-12 06:35:14+00:00,Carmela Ice Cream,Ice cream club!,-118.362307,34.071337,Displayed
2019-02-17 04:01:55+00:00,Mansoo Korean BBQ,KBBQ with Bryan,-118.303958,34.057832,Displayed
2019-02-17 20:14:11+00:00,Sea Empress Seafood Restaurant,Dim sum post church with usc!,-118.305393,33.889161,Displayed
2019-02-17 21:03:17+00:00,Happy Lemon,Boba post church,-118.305465,33.8887,Displayed
2019-02-18 16:34:11+00:00,Yangji Gamjatang,Post sunrise hike food,-118.297441,34.063076,Displayed
2019-02-19 22:41:20+00:00,BIBIBOP Asian Grill,Bogo,-118.448106,34.064293,Displayed
2019-02-20 06:13:13+00:00,BJ's Restaurant & Brewhouse,Chips and guac!,-118.447139,34.063043,Displayed
2019-02-23 23:04:13+00:00,Le Diplomate Cafe,Basketball tournament food,-117.83817,33.650547,Displayed
2019-02-24 06:14:02+00:00,Pho 79 Restaurant,Post aacf tournament pho,-117.955076,33.738148,Displayed
2019-02-24 06:14:25+00:00,7 Leaves Cafe,Boba!,-117.955073,33.738121,Displayed
2019-02-24 20:20:52+00:00,The Bombay Frankie Company,Gas station Indian food!,-118.448056,34.046943,Displayed
2019-02-26 07:56:17+00:00,Rocco's Tavern,Trivia!!,-118.448111,34.062657,Displayed
2019-02-27 04:56:47+00:00,Meat Love Korean BBQ,Ayce bbq Vegetables,-118.44408,34.062731,Displayed
2019-03-01 05:26:52+00:00,Killer Noodle,Killlerrrrr noooodle,-118.44278,34.040312,Displayed
2019-03-01 21:18:11+00:00,Chick-fil-A,Basketball gamr,-118.445088,34.063375,Displayed
2019-03-02 05:03:57+00:00,Honey's Kettle Fried Chicken,Lots of chicken,-118.395439,34.023152,Displayed
2019-03-02 18:25:37+00:00,Headlines Diner And Grill,Brunch,-118.446167,34.060393,Displayed
2019-03-04 04:50:58+00:00,Father's Office,SASS hangout!,-118.4313,33.996757,Displayed
2019-03-04 05:01:05+00:00,Ginger’s Divine Ice Creams,Sass hangout ice cream,-118.431299,33.996707,Displayed
2019-03-06 02:30:09+00:00,Guelaguetza Restaurante,Valerie’s extravagant meetup!,-118.30088,34.052435,Displayed
2019-03-06 04:58:02+00:00,California Donuts,Donuts with valerie,-118.443632,34.062924,Displayed
2019-03-06 04:58:33+00:00,Cork And Tap Beer And Wine Bar,Last step of extravagant meetup with valerie,-118.443669,34.062845,Displayed
2019-03-07 07:55:06+00:00,Leo's Tacos Truck,4!,-118.409793,34.030494,Displayed
2019-03-09 04:38:30+00:00,Shabu Hyang,Ayce Shabu shabu,-118.309735,34.062241,Displayed
2019-03-09 06:01:06+00:00,Wanderlust Creamery,Cream ice,-118.465423,33.999854,Displayed
2019-03-09 19:51:44+00:00,Ocean Star Restaurant,Dim sum!!!!,-118.134528,34.064287,Displayed
2019-03-09 23:54:37+00:00,Half & Half Tea Express,Boba,-118.44815,34.06431,Displayed
2019-03-11 04:38:03+00:00,Honey Boba,Boba boyz,-118.453964,34.044756,Displayed
2019-03-11 23:11:18+00:00,BIBIBOP Asian Grill,Bogo,-118.446813,34.061962,Displayed
2019-03-13 05:41:42+00:00,BJ's Restaurant & Brewhouse,Pizookies,-118.447085,34.062898,Displayed
2019-03-13 05:41:59+00:00,Rocco's Tavern,Trivia last nught,-118.447121,34.062925,Displayed
2019-03-16 01:11:40+00:00,Pomodoro Trattoria,Me and amos eating bread,-118.442002,34.055244,Displayed
2019-03-16 01:42:22+00:00,Saffron & Rose Persian Ice Cream,Bogo ice cream,-118.442107,34.055422,Displayed
2019-03-17 02:23:32+00:00,Flaming Pot,Mandi,-118.440604,34.037634,Displayed
2019-03-23 20:29:12+00:00,El Dollar Taqueria,Taco break on the way home!,-119.659651,35.618306,Displayed
2019-03-23 23:29:28+00:00,Pekoe,Hannah’s favorite boba place!,-121.790206,37.314576,Displayed
2019-03-25 05:33:16+00:00,China Village Seafood Restaurant,Dim sum with the fam,-122.360857,37.545984,Displayed
2019-03-25 21:07:01+00:00,Seapot Hot Pot & KBBQ,Ayce hot pot with mother,-122.311043,37.548564,Displayed
2019-03-26 02:46:48+00:00,Himawari,Ramen ramen,-122.323777,37.565808,Displayed
2019-03-26 04:45:14+00:00,Super Cue Cafe,,-122.284749,37.544687,Displayed
2019-03-26 20:51:51+00:00,Naan N Masala,Steffi and Hannah’s favorite Indian place :O,-121.885353,37.433323,Displayed
2019-03-28 18:30:43+00:00,San Tung,That good good,-122.469034,37.763729,Displayed
2019-03-30 00:22:33+00:00,Broadway Prime,Last spring break dinner,-122.365485,37.585445,Displayed
2019-03-31 18:24:47+00:00,Islands Restaurant,Bottomless fries,-118.353215,33.869115,Displayed
2019-03-31 20:18:37+00:00,Gong Cha,Pictures!,-118.309502,33.865317,Displayed
2019-04-02 02:29:45+00:00,Muma Kitchen,Happy birthday kurtis,-118.434766,34.047539,Displayed
2019-04-03 06:23:21+00:00,Max Karaoke Studio,Losing my voice,-118.448147,34.0644,Displayed
2019-04-03 19:24:54+00:00,Howlin' Ray's,2 sandos,-118.239775,34.061459,Displayed
2019-04-04 20:06:29+00:00,El Chato Taco Truck,,-118.448305,34.064386,Displayed
2019-04-06 01:56:23+00:00,Chipotle Mexican Grill,Pre retreat,-118.343417,34.151834,Displayed
2019-04-08 20:27:21+00:00,Din Tai Fung,They close it so perfectly -hannah,-118.417256,34.057814,Displayed
2019-04-09 04:36:32+00:00,Ginger’s Divine Ice Creams,Jack Daniels,-118.431182,33.99672,Displayed
2019-04-11 23:33:35+00:00,Roscoe's House of Chicken & Waffles - West LA,Rachel’s favorite location...,-118.448288,34.064403,Displayed
2019-04-12 05:48:02+00:00,Ave 26 Taco Stand,Tacos tacos tacos,-118.216985,34.082816,Displayed
2019-04-12 21:26:43+00:00,India's Tandoori,Marilyn Monroes grave with mand eye,-118.463372,34.04824,Displayed
2019-04-13 06:33:18+00:00,McDonald's,Just cuz,-118.298576,33.872605,Displayed
2019-04-14 00:29:34+00:00,Junbi Matcha & Tea - Westwood,Boba with Preston,-118.447727,34.062407,Displayed
2019-04-14 02:20:29+00:00,Shabu Hyang,Ayce hot pot with Preston,-118.309346,34.061801,Displayed
2019-04-14 18:45:27+00:00,Hakata Ikkousha Ramen,Ramennn,-118.310164,33.832335,Displayed
2019-04-15 19:28:05+00:00,Plan Check Kitchen + Bar,Retreat team seniors,-118.446008,34.04372,Displayed
2019-04-17 05:53:49+00:00,BJ's Restaurant & Brewhouse,Chips and guac and pizookies,-118.447211,34.06291,Displayed
2019-04-18 00:56:14+00:00,Coffee Tomo,Oops,-118.448213,34.064331,Displayed
2019-04-18 04:36:42+00:00,Barney's Beanery,Trivia,-118.446767,34.061536,Displayed
2019-04-18 06:52:49+00:00,Lamonica's NY Pizza,Post trivia half a pizza,-118.447103,34.061112,Displayed
2019-04-18 20:37:02+00:00,Kogi BBQ Truck,Famous,-118.413543,34.054832,Displayed
2019-04-18 21:32:37+00:00,B Sweet Dessert Bar,Bread pudding does not have pudding in it -Joyce,-118.441219,34.038389,Displayed
2019-04-20 03:51:58+00:00,Plan Check Kitchen + Bar,For Pedro,-118.445967,34.043864,Displayed
2019-04-20 04:39:15+00:00,Ginger’s Divine Ice Creams,For Vannica,-118.431341,33.996565,Displayed
2019-04-22 01:28:41+00:00,Sushi Ippo,Finally retreat team hangout,-118.309388,34.061667,Displayed
2019-04-22 21:49:02+00:00,Hangari Kalguksu,Jeremy is racist,-118.297653,34.062881,Displayed
2019-04-24 03:07:54+00:00,Costco Wholesale,$10 challenge,-118.448237,34.064323,Displayed
2019-04-27 20:44:42+00:00,Disney California Adventure Park,Screamin,-117.918698,33.804823,Displayed
2019-04-28 03:43:28+00:00,Pho 79 Restaurant,Post Disney pho,-117.95567,33.752511,Displayed
2019-04-28 04:34:32+00:00,7 Leaves Cafe,Boba boba,-117.958436,33.759217,Displayed
2019-04-28 18:26:54+00:00,Da Maat,Post church lunch,-118.335576,33.822613,Displayed
2019-04-29 21:36:41+00:00,Goodboybob Coffee Roasters,Parallel parking with Hannah,-118.476175,34.028164,Displayed
2019-04-29 23:32:56+00:00,Dks Donuts & Bakery,Donut donut,-118.483421,34.025839,Displayed
2019-04-30 05:26:43+00:00,Ave 26 Taco Stand,10,-118.239719,34.067109,Displayed
2019-04-30 17:31:39+00:00,Philippe the Original,French dip French dip,-118.237169,34.0596,Displayed
2019-04-30 19:58:12+00:00,Coffee Tomo,Waiting for a review,-118.443069,34.039543,Displayed
2019-04-30 20:01:46+00:00,Donut Friend,Vegan donuts,-118.442632,34.039277,Displayed
2019-04-30 23:24:40+00:00,Millet Crepe,No way that’s crazy,-118.443473,34.040496,Displayed
2019-05-01 02:01:35+00:00,BJ's Restaurant & Brewhouse,Happy birthday griffin,-118.447199,34.062777,Displayed
2019-05-01 06:04:48+00:00,Alley Lounge,Happy birthday mandi!!,-118.42617,33.997556,Displayed
2019-05-03 01:51:16+00:00,Totto Ramen - Midtown East,Just landed,-73.968039,40.756206,Displayed
2019-05-03 17:00:13+00:00,Ben's Cookies,Cookies,-73.991285,40.733103,Displayed
2019-05-03 22:08:27+00:00,Bleecker Street Pizza,Pizzzaaaa,-74.003443,40.732204,Displayed
2019-05-03 23:13:51+00:00,Grom,Gelato,-74.002617,40.730204,Displayed
2019-05-03 23:41:37+00:00,John's of Bleecker Street,Pizzzaaaa,-74.00322,40.731738,Displayed
2019-05-04 15:54:02+00:00,New World Mall Food Court,,-73.829213,40.759733,Displayed
2019-05-04 16:56:52+00:00,Peking Duck Sandwich Stall,X4,-73.830574,40.75871,Displayed
2019-05-04 17:11:17+00:00,Yi Fang Taiwan Fruit Tea,,-73.83082,40.758571,Displayed
2019-05-04 23:43:10+00:00,Ippudo - Westside,,-73.986602,40.763418,Displayed
2019-05-05 17:50:25+00:00,Lung Moon Bakery,,-73.999065,40.716346,Displayed
2019-05-05 18:07:27+00:00,Joe's Shanghai,15 years later,-73.997646,40.714717,Displayed
2019-05-05 18:48:21+00:00,Tai Pan Bakery,,-73.998237,40.716984,Displayed
2019-05-05 19:01:14+00:00,Taiyaki NYC,,-73.99904,40.718099,Displayed
2019-05-05 20:50:15+00:00,Ruth's Chris Steak House,Happy hour,-73.982126,40.761537,Displayed
2019-05-06 00:42:23+00:00,Yakitori Totto,Skewers,-73.983349,40.765325,Displayed
2019-05-06 17:14:42+00:00,Katz's Delicatessen,,-73.987265,40.722259,Displayed
2019-05-06 18:03:31+00:00,il laboratorio del gelato,,-73.986911,40.722483,Displayed
2019-05-06 18:30:29+00:00,Prince Street Pizza,,-73.994516,40.722873,Displayed
2019-05-06 19:01:44+00:00,Cha Cha Matcha,Matcha,-73.99505,40.72578,Displayed
2019-05-06 19:51:43+00:00,Bleecker Street Pizza,Round 2,-74.003415,40.732311,Displayed
2019-05-06 20:37:57+00:00,Mamoun's Falafel,,-74.000274,40.730224,Displayed
2019-05-06 23:28:16+00:00,Bibble & Sip,,-73.985413,40.762845,Displayed
2019-05-06 23:45:36+00:00,The Halal Guys,,-73.979151,40.761472,Displayed
2019-05-07 17:18:22+00:00,The Halal Guys,Round 2,-73.972317,40.754718,Displayed
2019-05-09 00:05:09+00:00,Pacific Catch,,-122.32271,37.566043,Displayed
2019-05-10 19:00:44+00:00,HomeState,,-118.290151,34.099925,Displayed
2019-05-10 19:37:11+00:00,McConnell's Fine Ice Cream,,-118.290249,34.100053,Displayed
2019-05-11 20:35:49+00:00,Disneyland Park,It’s may 11,-117.917657,33.815047,Displayed
2019-05-12 03:23:43+00:00,Shik Do Rak,Post Disney,-117.963458,33.774434,Displayed
2019-05-12 05:02:25+00:00,7 Leaves Cafe,Post Disney,-117.95847,33.759198,Displayed
2019-05-12 20:00:26+00:00,Pho Daily,Post church lunch,-118.308612,33.891709,Displayed
2019-05-13 19:58:13+00:00,Bodega Wine Bar,,-118.489303,34.018417,Displayed
2019-05-13 21:16:36+00:00,The Misfit Restaurant + Bar,Fooood,-118.496529,34.015388,Displayed
2019-05-13 22:06:59+00:00,Sidecar Doughnuts & Coffee,,-118.496123,34.021076,Displayed
2019-05-14 00:57:45+00:00,Tsujita LA Artisan Noodle Annex,,-118.442649,34.040046,Displayed
2019-05-14 06:57:02+00:00,Good Times at Davey Wayne's,,-118.324286,34.100202,Displayed
2019-05-14 17:54:54+00:00,Atlantic Seafood & Dim Sum Restaurant,,-118.134037,34.069682,Displayed
2019-05-14 19:10:47+00:00,Tea Brick,,-118.129688,34.062729,Displayed
2019-05-15 06:58:18+00:00,Pho Shop,Phoooooo,-118.435775,34.04917,Displayed
2019-05-16 23:40:00+00:00,Bonjour Nails,Pedicures,-118.436508,34.04992,Displayed
2019-05-17 05:28:39+00:00,Broxton Brewery & Public House,,-118.44577,34.061047,Displayed
2019-05-19 03:28:00+00:00,Pho So 1,Ty mandi,-118.465438,34.188305,Displayed
2019-05-19 04:54:34+00:00,Marie Callender's,We are old farts,-118.454525,34.152662,Displayed
2019-05-19 21:18:42+00:00,Bolo - Glendora,B o l o,-118.241305,34.035316,Displayed
2019-05-21 00:57:10+00:00,Disney California Adventure Park,Senior day 92+,-117.922861,33.806454,Displayed
2019-05-21 04:25:18+00:00,Brodard Restaurant,It’s great,-117.958486,33.759245,Displayed
2019-05-21 19:48:08+00:00,Bay Cities Italian Deli,Godmother,-118.489294,34.017939,Displayed
2019-05-23 05:58:33+00:00,El Chato Taco Truck,X8,-118.34605,34.05701,Displayed
2019-05-24 00:31:27+00:00,Kansha Creamery,It’s not even Friday,-118.309395,33.862833,Displayed
2019-05-24 01:51:46+00:00,Brodard Restaurant,Round 2,-117.955136,33.728814,Displayed
2019-05-24 16:30:11+00:00,Donut Bar & Bakery,Breakfast,-117.158683,32.717685,Displayed
2019-05-24 17:31:23+00:00,Bird Rock Coffee Roasters - Little Italy,,-117.171076,32.727926,Displayed
2019-05-24 19:02:10+00:00,Oscars Mexican Seafood,$1 fish taco,-117.156,32.709363,Displayed
2019-05-24 20:15:39+00:00,Mikkeller Little Italy,,-117.169006,32.725593,Displayed
2019-05-25 01:06:55+00:00,Phil's BBQ,That’s a lot of bbq,-117.215844,32.754858,Displayed
2019-05-25 02:14:34+00:00,Stella Jean's Ice Cream,,-117.146364,32.757442,Displayed
2019-05-25 19:21:14+00:00,Menya Ultra,,-117.147477,32.832187,Displayed
2019-05-25 20:38:21+00:00,Bobboi Natural Gelato,,-117.274302,32.848091,Displayed
2019-05-26 00:40:39+00:00,Tacos El Gordo,We made it to the right one,-117.088916,32.629097,Displayed
2019-05-26 03:08:22+00:00,7 Leaves Cafe,Freee,-117.963845,33.716396,Displayed
2019-05-26 18:27:09+00:00,Sue's Kitchen,,-118.327664,33.807163,Displayed
2019-05-26 19:19:00+00:00,Sharetea,,-118.327526,33.805232,Displayed
2019-05-27 01:43:08+00:00,Rutt's Hawaiian Cafe,,-118.421688,34.004497,Displayed
2019-05-28 04:02:12+00:00,In-N-Out Burger,,-118.448522,34.064312,Displayed
2019-05-28 18:12:14+00:00,Langer's Delicatessen,#19,-118.276784,34.056191,Displayed
2019-05-28 19:36:51+00:00,Tea Master Matcha Cafe & Green Tea Shop,,-118.238705,34.047063,Displayed
2019-05-29 21:42:41+00:00,Fresh Corn Grill,,-118.442822,34.057571,Displayed
2019-05-29 22:55:14+00:00,Bloomfield Creamery,,-118.44134,34.054772,Displayed
2019-05-31 22:35:59+00:00,Chick-fil-A,,-118.445925,34.06356,Displayed
2019-06-01 03:47:15+00:00,Mayura Indian Restaurant,,-118.404032,34.019981,Displayed
2019-06-01 05:13:14+00:00,Milk Bar,Happy birthday pedro,-118.345238,34.083158,Displayed
2019-06-01 18:21:47+00:00,The Lighthouse Cafe,,-118.401165,33.861872,Displayed
2019-06-04 07:02:23+00:00,Diddy Riese Cookies,Missing the Jonas brothers,-118.447915,34.064249,Displayed
2019-06-04 19:12:27+00:00,Kismet Falafel,,-118.24921,34.050777,Displayed
2019-06-04 20:09:43+00:00,Bae,,-118.240038,34.04816,Displayed
2019-06-05 01:15:41+00:00,Grand Central Market,,-118.448264,34.064162,Displayed
2019-06-05 05:52:33+00:00,BJ's Restaurant & Brewhouse,,-118.447179,34.062981,Displayed
2019-06-06 05:37:13+00:00,El Chato Taco Truck,X10,-118.346055,34.057009,Displayed
2019-06-06 21:14:35+00:00,Uncle John’s Cafe,Steak and eggs,-118.258516,34.044821,Displayed
2019-06-07 03:45:28+00:00,Mayura Indian Restaurant,,-118.448176,34.064252,Displayed
2019-06-08 01:56:19+00:00,Wadaya,,-118.445237,34.035901,Displayed
2019-06-08 02:56:58+00:00,Churros Calientes,,-118.452687,34.045372,Displayed
2019-06-09 02:14:58+00:00,Meat Love Korean BBQ,,-118.309638,34.049694,Displayed
2019-06-09 19:31:31+00:00,Seoul House of Tofu,Last post lighthouse lunch :(,-118.442739,34.039323,Displayed
2019-06-10 00:27:48+00:00,KazuNori | Westwood,,-118.446131,34.060021,Displayed
2019-06-10 07:43:22+00:00,McDonald's,,-118.42597,34.056543,Displayed
2019-06-10 20:58:54+00:00,Menya Musashi LA,,-118.44329,34.040708,Displayed
2019-06-11 21:20:50+00:00,Bella Pita,,-118.448189,34.062808,Displayed
2019-06-11 22:36:00+00:00,Diddy Riese Cookies,,-118.448249,34.064204,Displayed
2019-06-12 21:50:51+00:00,Hammer Museum,,-118.44849,34.06442,Displayed
2019-06-13 02:00:42+00:00,Mama Hong's Vietnamese Kitchen - West LA,,-118.463053,34.048121,Displayed
2019-06-13 03:27:46+00:00,Elysee Bakery & Cafe,,-118.446689,34.060158,Displayed
2019-06-13 04:19:44+00:00,Barney's Beanery,,-118.44681,34.061631,Displayed
2019-06-14 04:11:10+00:00,Tsujita LA Artisan Noodle,Fulfilling Hannah’s dream,-118.448356,34.064307,Displayed
2019-06-15 21:30:34+00:00,Tea Master Matcha Cafe & Green Tea Shop,,-118.238676,34.04698,Displayed
2019-06-15 23:33:15+00:00,Sushi Ippo,,-118.30931,34.061604,Displayed
2019-06-16 02:07:26+00:00,Sul & Beans,,-118.309844,34.062968,Displayed
2019-06-16 05:22:45+00:00,Ginger’s Divine Ice Creams,❤️,-118.431278,33.996656,Displayed
2019-06-16 23:25:44+00:00,Circa 55,Graduation brunch,-118.413168,34.066244,Displayed
2019-06-17 22:56:15+00:00,Studio B Buffet,,-115.167715,35.966107,Displayed
2019-06-19 00:19:35+00:00,Lonny Boy's Barbeque,,-113.3053,37.177079,Displayed
2019-06-19 21:17:07+00:00,Dairy Queen Grill & Chill,Yay bloody noses,-113.301858,37.17688,Displayed
2019-06-21 18:47:27+00:00,Nemo's Fish & Chips,,-111.458755,36.916323,Displayed
2019-06-23 01:35:52+00:00,Satchmo's,Post Grand Canyon,-111.612497,35.211584,Displayed
2019-06-24 01:55:29+00:00,Atlantic Seafood & Dim Sum Restaurant,Post senior trip,-118.134249,34.069599,Displayed
2019-06-24 06:31:02+00:00,Ave 26 Taco Stand,,-118.216952,34.082907,Displayed
2019-06-25 02:27:04+00:00,The Bombay Frankie Company,,-118.454455,34.0694,Displayed
2019-06-25 22:47:53+00:00,Amandine Patisserie Cafe - Brentwood,,-118.448243,34.064295,Displayed
2019-06-26 21:43:58+00:00,Road To Seoul,,-118.30883,34.048395,Displayed
2019-06-27 03:57:39+00:00,Barney's Beanery,Triviaaaa,-118.446781,34.061533,Displayed
2019-06-28 03:47:53+00:00,Killer Noodle,2-2,-118.442862,34.040302,Displayed
2019-06-29 00:11:05+00:00,Cork And Tap Beer And Wine Bar,,-118.443559,34.062962,Displayed
2019-06-29 04:14:06+00:00,Shabu Hyang,,-118.30959,34.062204,Displayed
2019-06-30 00:27:27+00:00,Chipotle Mexican Grill,Freee,-118.448207,34.064168,Displayed
2019-06-30 20:31:38+00:00,Gyu-Kaku Japanese BBQ,,-118.328677,33.80232,Displayed
2019-06-30 21:21:10+00:00,7 Leaves Cafe,,-118.309742,33.862112,Displayed
2019-07-01 20:16:32+00:00,Chick-fil-A,,-118.443021,34.063207,Displayed
2019-07-02 01:16:29+00:00,Love Letter Pizza & Chicken,,-118.309664,33.891238,Displayed
2019-07-03 00:30:42+00:00,In-N-Out Burger,,-118.448059,34.064244,Displayed
2019-07-03 05:36:30+00:00,Lamonica's NY Pizza,,-118.446764,34.060899,Displayed
2019-07-03 20:09:35+00:00,El Dollar Taqueria,,-119.659642,35.618424,Displayed
2019-07-04 19:55:43+00:00,Grand Palace Seafood Restaurant 富源酒家,,-122.411569,37.656055,Displayed
2019-07-05 22:41:25+00:00,Sam Rong Cafe,,-122.408049,37.797797,Displayed
2019-07-10 18:48:24+00:00,Da Enzo al 29,Dinner #1,12.477706,41.88814,Displayed
2019-07-11 05:42:38+00:00,Brancaccio,,12.500844,41.893718,Displayed
2019-07-11 10:39:27+00:00,La Vittoria,Post Vatican,12.456162,41.899504,Displayed
2019-07-11 13:29:03+00:00,Frigidarium,,12.470575,41.898452,Displayed
2019-07-11 19:07:57+00:00,Trattoria Vecchia Roma,,12.502278,41.893671,Displayed
2019-07-12 10:57:17+00:00,Carabas,When you miss your stop and the next closest stop is 2 hours away,8.925112,44.415813,Displayed
2019-07-13 12:06:42+00:00,Gusta Pizza,,11.248778,43.766488,Displayed
2019-07-13 14:12:33+00:00,Venchi,,11.257648,43.772707,Displayed
2019-07-13 14:32:52+00:00,Edoardo,,11.257876,43.772469,Displayed
2019-07-13 17:55:45+00:00,Osteria Santo Spirito,Rabbit,11.247003,43.766465,Displayed
2019-07-14 09:58:58+00:00,Hofbräuhaus,A liter of beer,11.580059,48.137471,Displayed
2019-07-14 15:40:51+00:00,Augustiner-Keller,,11.554892,48.146787,Displayed
2019-07-15 12:25:57+00:00,Hans Im Glück,,11.583627,48.130057,Displayed
2019-07-15 15:47:50+00:00,Ruff's Burger,,11.567112,48.132383,Displayed
2019-07-15 17:37:23+00:00,Augustiner Bräustuben,,11.545458,48.139404,Displayed
2019-07-17 16:16:38+00:00,Cha Cha,,8.313891,47.047588,Displayed
2019-07-19 12:33:25+00:00,Holy Cow,,8.543413,47.375824,Displayed
2019-07-20 20:38:56+00:00,Entrepot,,4.912068,52.369719,Displayed
2019-07-21 08:57:04+00:00,PANCAKES Amsterdam,,4.88366,52.374799,Displayed
2019-07-21 16:09:12+00:00,Bhatti Pasal,,4.890864,52.368,Displayed
2019-07-21 20:16:20+00:00,Crepes & Waffles,,4.897741,52.374917,Displayed
2019-07-22 08:56:14+00:00,Bosco,,4.873797,52.365006,Displayed
2019-07-22 13:55:48+00:00,McDonald's,,4.89634,52.37734,Displayed
2019-07-22 16:54:56+00:00,Kartika,,4.876174,52.362956,Displayed
2019-07-22 19:11:57+00:00,Winkel 43,Mandi’s 2nd favorite pie,4.886429,52.378978,Displayed
2019-07-26 18:53:06+00:00,Koja Kitchen Fremont,Aacf norcal 2019,-121.970086,37.501073,Displayed
2019-07-26 22:10:34+00:00,One Tea,,-121.929355,37.488976,Displayed
2019-07-28 01:41:31+00:00,Fat Wong's Kitchen,,-122.406233,37.615726,Displayed
2019-07-29 01:01:33+00:00,Saigon City,,-122.320917,37.566357,Displayed
2019-07-30 03:24:52+00:00,Espetus - San Mateo,"Happy anniversary, birthday, and graduation",-122.319212,37.562435,Displayed
2019-07-30 20:29:33+00:00,New Thai Elephant,,-122.323421,37.566358,Displayed
2019-07-30 21:09:18+00:00,Urban Ritual,,-122.323629,37.566586,Displayed
2019-08-01 00:49:27+00:00,New Mongolian BBQ,Pre boba crawl,-122.080126,37.392444,Displayed
2019-08-01 03:15:21+00:00,Pekoe,,-121.790059,37.314658,Displayed
2019-08-01 03:39:27+00:00,Tisane,Post pekoe,-121.810686,37.330874,Displayed
2019-08-09 01:00:30+00:00,British Bankers Club,Happy hour,-122.182872,37.453927,Displayed
2019-08-09 19:30:57+00:00,Bevri,,-122.161233,37.445426,Displayed
2019-08-10 19:52:30+00:00,San Tung,,-122.46899,37.763911,Displayed
2019-08-10 20:50:53+00:00,Boba Guys,Goodbye Bryan,-122.421092,37.760271,Displayed
2019-08-10 21:16:08+00:00,Garden Creamery,Goodbye Bryan again,-122.420588,37.758704,Displayed
2019-08-11 03:25:42+00:00,Gen Korean BBQ House,Goodbye Bryan :((((((,-121.91599,37.4209,Displayed
2019-08-11 20:10:20+00:00,Bill's Cafe,,-122.122852,37.429523,Displayed
2019-08-12 02:59:43+00:00,Himawari,Will,-122.323989,37.566843,Displayed
2019-08-12 03:05:54+00:00,Uji Time Dessert,,-122.324079,37.5669,Displayed
2019-08-13 02:08:35+00:00,Pho Element,For Priscilla,-122.307687,37.546011,Displayed
2019-08-13 02:52:28+00:00,Uni Soufflé,Literally to fulfill Priscilla’s dreams,-122.392861,37.601665,Displayed
2019-08-16 19:26:37+00:00,Lotus Restaurant,,-122.184374,37.453665,Displayed
2019-08-22 22:27:47+00:00,Bay Mystery Scavenger Hunts,,-122.077805,37.414541,Displayed
2019-08-23 19:43:31+00:00,I Dumpling,,-122.23466,37.486217,Displayed
2019-08-24 02:13:19+00:00,Miyabitei Japanese Restaurant,,-121.97788,37.314935,Displayed
2019-08-24 04:34:27+00:00,Tisane,,-121.810707,37.330824,Displayed
2019-08-24 18:46:34+00:00,San Tung,All for Joyce,-122.469064,37.763814,Displayed
2019-08-25 03:44:29+00:00,Hue Restaurant,Bun bo hue,-121.813777,37.309484,Displayed
2019-08-25 04:30:58+00:00,Soyful Desserts,Hannah’s favorite,-121.814292,37.308872,Displayed
2019-08-25 16:31:59+00:00,Palo Alto Creamery,Mandi #1,-122.161015,37.444551,Displayed
2019-08-26 02:07:58+00:00,Straits - Santana Row,#2,-121.947992,37.321856,Displayed
2019-08-26 05:03:06+00:00,Pekoe,,-121.790135,37.314666,Displayed
2019-08-30 20:30:48+00:00,Ramen Nagi,45 min wait,-121.947079,37.324947,Displayed
2019-08-31 18:25:02+00:00,ACHILLES,Yum,-121.950894,37.337703,Displayed
2019-08-31 20:29:57+00:00,Bowlero Milpitas,143!!,-121.871581,37.410834,Displayed
2019-08-31 20:49:40+00:00,Tastea,Are we high schoolers,-121.860111,37.387721,Displayed
2019-09-01 21:44:47+00:00,Urban Ritual,,-122.323701,37.566594,Displayed
2019-09-02 03:40:14+00:00,Perilla,,-122.466706,37.76416,Displayed
2019-09-06 19:33:54+00:00,Zadna Grill,,-122.234166,37.486172,Displayed
2019-09-08 03:20:45+00:00,Joy Sushi,,-122.324625,37.567299,Displayed
2019-09-08 21:15:00+00:00,In-N-Out Burger,,-122.360897,37.546038,Displayed
2019-09-10 19:26:14+00:00,Celia's Mexican Restaurant - Menlo Park,,-122.194332,37.459466,Displayed
2019-09-13 00:40:17+00:00,Freewheel Brewing Company,Happy hour,-122.187022,37.478303,Displayed
2019-09-14 02:23:18+00:00,New Thai Elephant,,-122.323455,37.56622,Displayed
2019-09-14 03:30:07+00:00,Urban Ritual,,-122.323633,37.566608,Displayed
2019-09-19 00:16:18+00:00,British Bankers Club,,-122.182456,37.453782,Displayed
2019-09-20 19:32:38+00:00,Tacos El Grullense,,-122.225347,37.483937,Displayed
2019-09-21 02:11:55+00:00,SAJJ Mediterranean,,-122.322906,37.565258,Displayed
2019-09-21 03:36:28+00:00,Sweet Moment,,-122.323929,37.564519,Displayed
2019-09-21 20:37:50+00:00,Ramen Parlor,2DKN,-122.317601,37.561695,Displayed
2019-09-22 02:11:04+00:00,La Victoria Taqueria,Post it2,-121.906967,37.363523,Displayed
2019-09-22 04:43:12+00:00,7 Leaves Cafe,Yay,-121.872472,37.374983,Displayed
2019-09-22 20:16:28+00:00,wonderful,3DKN,-122.391541,37.600508,Displayed
2019-09-23 01:31:23+00:00,One Piece Sushi,3DKNp2,-122.405484,37.613735,Displayed
2019-09-29 19:45:47+00:00,El Super Burrito,,-122.394627,37.604444,Displayed
2019-10-01 20:21:52+00:00,SAJJ Mediterranean,,-122.176668,37.480542,Displayed
2019-10-04 01:57:36+00:00,Noodles & Things - San Mateo,,-122.32459,37.564117,Displayed
2019-10-07 02:49:49+00:00,Three Craft Kitchen & Bar,Happy birthday Kristen,-122.324954,37.563458,Displayed
2019-10-11 02:01:52+00:00,Zen Noodle Bar,“Hanging out with friends”,-122.31943,37.567322,Displayed
2019-10-11 19:14:19+00:00,In-N-Out Burger,Hah,-122.227809,37.490544,Displayed
2019-10-14 00:22:04+00:00,Mr. Fong BBQ & Noodles,,-122.468228,37.652099,Displayed
2019-10-17 19:53:41+00:00,Shake Shack Stanford Shopping Center,,-122.177112,37.480541,Displayed
2019-10-18 19:21:18+00:00,Dohatsuten,,-122.102246,37.420311,Displayed
2019-10-21 01:42:48+00:00,QQ Noodle,Decapitated heads,-122.024304,37.310709,Displayed
2019-10-21 02:37:47+00:00,TP Tea,This line is longer than Tim’s ego,-122.023723,37.311105,Displayed
2019-10-23 00:15:49+00:00,31st Union,,-122.324847,37.567113,Displayed
2019-10-25 19:06:56+00:00,Back A Yard Caribbean American Grill,,-122.154871,37.472703,Displayed
2019-10-26 18:57:13+00:00,Nam Vang Restaurant,Are we authentic yet,-121.827255,37.319002,Displayed
2019-10-26 19:50:03+00:00,Pekoe,Authentic Vietnamese food,-121.790154,37.314631,Displayed
2019-10-27 02:17:35+00:00,Red Robin Gourmet Burgers and Brews,Thanks gift card,-121.896985,37.413609,Displayed
2019-10-27 21:40:34+00:00,Ben Tre Vietnamese Homestyle Cuisine,,-122.323665,37.566594,Displayed
2019-10-27 21:40:58+00:00,Urban Ritual,,-122.323695,37.566619,Displayed
2019-10-28 02:26:04+00:00,Rasoi,Never fake,-122.348642,37.577272,Displayed
2019-10-30 00:23:50+00:00,Taishoken - San Mateo,,-122.324021,37.563293,Displayed
2019-10-30 01:27:12+00:00,Espetus - San Mateo,,-122.32363,37.563728,Displayed
2019-11-01 19:36:50+00:00,Zareen's,,-122.144132,37.426884,Displayed
2019-11-03 20:53:18+00:00,Fashion Wok,,-122.27044,37.545327,Displayed
2019-11-05 02:26:40+00:00,Nick The Greek,G y r o,-122.259228,37.504647,Displayed
2019-11-07 20:35:05+00:00,J & J Hawaiian BBQ,,-122.176869,37.480613,Displayed
2019-11-10 22:57:22+00:00,Rise Pizzeria - Burlingame,,-122.348627,37.577592,Displayed
2019-11-10 22:57:34+00:00,Happy Lemon,,-122.348602,37.577592,Displayed
2019-11-15 20:29:17+00:00,Godfather's Burger Lounge,,-122.271214,37.516153,Displayed
2019-11-17 01:14:57+00:00,Ten Ren Tea,,-122.014835,37.335707,Displayed
2019-11-17 03:21:17+00:00,Orenchi Ramen,,-122.231985,37.486553,Displayed
2019-11-24 02:42:02+00:00,Hue Restaurant,Authentic,-121.813661,37.309469,Displayed
2019-11-24 03:39:11+00:00,Soyful Desserts,Not soy milk,-121.814373,37.308996,Displayed
2019-11-24 21:53:06+00:00,Special Hainan Chicken,,-122.392177,37.601714,Displayed
2019-11-27 02:38:57+00:00,Saigon City,,-122.320859,37.56642,Displayed
2019-11-27 03:38:37+00:00,Meet Fresh,,-122.322212,37.56559,Displayed
2019-11-28 02:54:22+00:00,Noodles & Things - San Mateo,,-122.32471,37.564243,Displayed
2019-11-28 04:21:26+00:00,Sweet Moment,,-122.324039,37.56468,Displayed
2019-11-28 07:19:12+00:00,3rd Avenue Sports Bar & Grill,,-122.324703,37.564178,Displayed
2019-11-28 08:08:18+00:00,Leann's Cafe,,-122.349896,37.59006,Displayed
2019-11-30 03:46:03+00:00,Blue Line Pizza,,-122.345763,37.5797,Displayed
2019-11-30 03:46:18+00:00,Old Town Sushi,,-122.345673,37.579672,Displayed
2019-11-30 19:26:16+00:00,Three Craft Kitchen & Bar,,-122.324986,37.56358,Displayed
2019-12-01 07:48:44+00:00,Happy Lemon,,-122.360932,37.545963,Displayed
2019-12-06 02:24:12+00:00,Akagi Restaurant,,-122.416598,37.627521,Displayed
2019-12-06 05:08:55+00:00,Eggettes,,-122.360944,37.546047,Displayed
2019-12-07 04:45:34+00:00,Blue Line Pizza,,-122.345741,37.579749,Displayed
2019-12-07 05:03:32+00:00,Happy Lemon,,-122.348469,37.577514,Displayed
2019-12-08 23:38:51+00:00,Hanabi Ramen & Japanese Curry,,-122.360967,37.545986,Displayed
2019-12-12 19:38:08+00:00,Farm House,,-122.275002,37.517553,Displayed
2019-12-13 20:48:20+00:00,Cariblue Restaurant,,-122.2201,37.487056,Displayed
2019-12-14 23:52:09+00:00,Bonchon Sunnyvale,Wow,-122.080536,37.414943,Displayed
2019-12-15 01:26:00+00:00,Saltyard,,-122.346404,37.5797,Displayed
2019-12-15 21:58:58+00:00,Ramen Saryo Hachi,,-122.385802,37.595246,Displayed
2019-12-15 22:29:34+00:00,Urban Ritual,,-122.32365,37.566543,Displayed
2019-12-21 03:43:49+00:00,Orenchi Ramen,,-122.231928,37.486653,Displayed
2019-12-21 04:41:40+00:00,Sweet Bubble Waffle Co,,-122.227579,37.486763,Displayed
2019-12-21 21:14:01+00:00,Ramen Nagi,"Goodbye Hannah, it was nice knowing you. Thanks for the free Disney tickets!!",-122.16062,37.445501,Displayed
2019-12-23 04:38:07+00:00,Ben Tre Vietnamese Homestyle Cuisine,,-122.360877,37.545955,Displayed
2019-12-23 20:44:02+00:00,Zadna Grill,,-122.234146,37.486094,Displayed
2019-12-24 02:35:02+00:00,Ben Tre Vietnamese Homestyle Cuisine,,-122.32381,37.566042,Displayed
2019-12-24 06:21:42+00:00,Teaspoon San Mateo,,-122.32364,37.564337,Displayed
2019-12-27 21:15:48+00:00,NabiQ Korean BBQ,,-122.293939,37.841297,Displayed
2019-12-27 22:43:55+00:00,Yi Fang Taiwan Fruit Tea,,-122.258802,37.869025,Displayed
2019-12-28 20:56:55+00:00,Saigon City,,-122.320932,37.566409,Displayed
2019-12-29 03:46:22+00:00,New Thai Elephant,,-122.323377,37.566408,Displayed
2019-12-29 04:29:42+00:00,Urban Ritual,,-122.323561,37.566644,Displayed
2019-12-29 20:08:37+00:00,Noodles & Things - Millbrae,,-122.393239,37.601999,Displayed
2020-01-01 03:31:48+00:00,Thousand Tasty,,-121.910725,37.457299,Displayed
2020-01-05 04:52:57+00:00,Adam's Grub Truck,,-122.391771,37.77085,Displayed
2020-01-05 06:16:33+00:00,Plentea,,-122.403884,37.791515,Displayed
2020-01-10 20:32:42+00:00,Takahashi Market,,-122.32086,37.567082,Displayed
2020-01-12 21:10:15+00:00,New Thai Elephant,,-122.323412,37.566102,Displayed
2020-01-15 00:25:13+00:00,Dog Haus Biergarten,,-122.275882,37.520195,Displayed
2020-01-17 20:31:59+00:00,Killer Noodle,,-118.443011,34.040202,Displayed
2020-01-18 01:32:06+00:00,Atticus Creamery & Pies,,-118.429397,34.039952,Displayed
2020-01-18 04:53:40+00:00,Mama Hong's Vietnamese Kitchen - West LA,,-118.462991,34.048078,Displayed
2020-01-18 18:46:48+00:00,Starbucks,,-118.328272,33.823612,Displayed
2020-01-19 00:40:02+00:00,Daikokuya - Sawtelle,,-118.441126,34.037745,Displayed
2020-01-19 18:40:53+00:00,Din Tai Fung,,-118.35084,33.83342,Displayed
2020-01-19 19:49:40+00:00,Uncle Tetsu,,-118.350299,33.833162,Displayed
2020-01-20 01:11:53+00:00,Tsujita LA Artisan Noodle,,-118.442609,34.039556,Displayed
2020-01-20 19:09:31+00:00,China Village Seafood Restaurant,,-122.274935,37.521767,Displayed
2020-01-25 02:49:54+00:00,Big Mouth Burgers,,-122.426751,37.626338,Displayed
2020-01-26 20:38:35+00:00,Ichiban Sushi,,-122.410583,37.620336,Displayed
2020-01-27 03:53:35+00:00,Moonstar,,-122.467659,37.664666,Displayed
2020-02-02 21:40:01+00:00,Urban Ritual,,-122.323632,37.566576,Displayed
2020-02-04 01:07:48+00:00,Shake Shack Hillsdale,,-122.301444,37.538648,Displayed
2020-02-04 05:12:49+00:00,Yokohama,,-122.227416,37.486627,Displayed
2020-02-07 01:07:46+00:00,Rustic House Oyster Bar And Grill,,-122.255239,37.502834,Displayed
2020-02-07 20:20:12+00:00,The Ravioli House,,-122.320654,37.564052,Displayed
2020-02-08 04:53:14+00:00,Sesame Korean Cuisine,,-122.365507,37.585169,Displayed
2020-02-08 05:30:45+00:00,Happy Lemon,,-122.3484,37.577519,Displayed
2020-02-09 20:20:49+00:00,El Super Burrito,,-122.39459,37.604483,Displayed
2020-02-09 23:10:01+00:00,Urban Ritual,,-122.32366,37.566566,Displayed
2020-02-12 00:40:19+00:00,Fieldwork Brewing Company,,-122.298857,37.540854,Displayed
2020-02-14 02:31:02+00:00,Roam Artisan Burgers,,-122.360987,37.546021,Displayed
2020-02-16 20:00:07+00:00,L&L Hawaiian Barbecue,,-122.381847,37.60049,Displayed
2020-02-20 02:15:33+00:00,City Kebabs And Gyros,,-122.471093,37.693157,Displayed
2020-02-21 20:44:01+00:00,Urban Momo,,-122.322761,37.565738,Displayed
2020-02-23 23:37:45+00:00,Boba Guys,,-122.256943,37.502842,Displayed
2020-02-26 01:13:23+00:00,Joe & The Juice,Thanks,-122.322319,37.565122,Displayed
2020-02-28 00:36:29+00:00,Fieldwork Brewing Company,,-122.299036,37.541179,Displayed
2020-02-29 02:16:27+00:00,Sweet Basil Thai Cuisine,,-122.25038,37.563104,Displayed
2020-02-29 21:46:14+00:00,Belly,,-122.272785,37.809086,Displayed
2020-02-29 22:59:16+00:00,Yokee Milk Tea,,-122.268285,37.806612,Displayed
2020-03-01 03:30:31+00:00,La Costa,,-121.853503,37.353928,Displayed
2020-03-01 04:02:14+00:00,Taqueria Eduardo,,-121.950884,37.298148,Displayed
2020-03-01 05:27:28+00:00,Metro Balderas 1,3rd place on our taco crawl (needs more salt),-121.883999,37.327289,Displayed
2020-03-01 05:42:51+00:00,7 Leaves Cafe,We lost brad again :(,-121.872556,37.374986,Displayed
2020-03-03 17:38:05+00:00,McDonald's,,-122.281886,37.525003,Displayed
2020-03-06 20:25:33+00:00,CamboWan,,-122.287735,37.529373,Displayed
2020-03-06 21:39:34+00:00,Boba Guys,,-122.257026,37.502783,Displayed
2020-03-08 20:00:32+00:00,Pho de Nguyen,,-122.396991,37.604919,Displayed
2020-03-08 20:00:48+00:00,Eggettes,,-122.396949,37.60495,Displayed
2020-03-08 23:30:15+00:00,Urban Ritual,,-122.323613,37.566657,Displayed
2020-03-09 02:34:37+00:00,Küsan Uyghur Cuisine,All the Rachel’s,-121.907923,37.36576,Displayed
2020-03-09 02:54:09+00:00,7 Leaves Cafe,,-121.872775,37.374892,Displayed
2020-03-11 00:28:41+00:00,Noelani's Island Grill,,-122.254024,37.500854,Displayed
2020-03-14 01:25:11+00:00,Fuji Sukiyaki,,-122.320869,37.566447,Displayed
2020-03-14 02:42:54+00:00,Urban Ritual,,-122.323662,37.566629,Displayed
2020-07-12 02:45:07+00:00,Happy Lemon,,-122.267073,37.559129,Displayed
2020-08-05 20:22:26+00:00,Hummus Mediterranean Kitchen,,-122.360936,37.545835,Displayed
2020-08-28 02:04:55+00:00,Chick-fil-A,,-122.224754,37.499135,Displayed
2020-09-24 04:00:17+00:00,Palo Alto Creamery,1 year coworkerversary celebration pt2,-122.161775,37.444095,Displayed
2020-09-24 04:00:45+00:00,Back A Yard Caribbean American Grill,1 year coworkerversary pt1,-122.161775,37.444095,Displayed
2020-10-02 02:27:25+00:00,Oren's Hummus,,-122.161881,37.44564,Displayed
2020-10-02 03:42:06+00:00,NOLA Restaurant & Bar,,-122.161442,37.445094,Displayed
2020-10-11 04:13:03+00:00,Chick-fil-A,,-122.038611,37.369105,Displayed
2020-10-11 05:52:09+00:00,Vons Chicken,,-122.360959,37.545948,Displayed
2020-10-26 02:16:27+00:00,Alana's Cafe,Day late,-122.361188,37.546123,Displayed
2020-10-29 18:53:22+00:00,Boba Guys,,-122.360928,37.545915,Displayed
2020-11-10 01:54:26+00:00,The Cakery,,-122.347077,37.578722,Displayed
2020-11-10 02:19:57+00:00,Limon,,-122.34562,37.579654,Displayed
2020-12-03 21:33:49+00:00,Winner Winner Chicken,,-122.360919,37.545965,Displayed
2020-12-09 01:20:20+00:00,Urban Ritual,,-122.323696,37.566661,Displayed
2021-01-14 18:23:44+00:00,Pokeatery,2 days ago,-122.360896,37.546071,Displayed
2021-02-11 08:29:02+00:00,Charm Thai Eatery,,-122.360976,37.546013,Displayed
2021-02-14 20:50:13+00:00,Ippudo Cupertino,,-122.010759,37.324511,Displayed
2021-02-14 22:30:12+00:00,Somisomi,,-122.010343,37.324779,Displayed
2021-03-10 01:01:38+00:00,Pokeatery,,-122.321114,37.564321,Displayed
2021-03-21 19:54:04+00:00,Mendocino Farms,,-122.162009,37.443705,Displayed
2021-03-28 22:12:56+00:00,Jamba,,-122.324059,37.562748,Displayed
2021-03-30 00:29:28+00:00,LV Mar Tapas & Cocktails,,-122.227118,37.486574,Displayed
2021-03-30 01:05:11+00:00,Nick the Greek,,-122.227079,37.486688,Displayed
2021-04-07 01:12:54+00:00,Hanabi Ramen & Japanese Curry,,-122.351927,37.582365,Displayed
2021-04-10 20:09:58+00:00,Señor Sisig,,-122.531161,37.894675,Displayed
2021-04-11 21:28:27+00:00,Blaze Pizza,,-121.970392,37.501238,Displayed
2021-04-11 22:28:42+00:00,Krispy Kreme,,-121.970373,37.50152,Displayed
2021-04-15 02:34:20+00:00,Urban Ritual,,-122.323713,37.566636,Displayed
2021-04-27 03:39:32+00:00,BJ's Restaurant & Brewhouse,,-122.282825,37.560857,Displayed
2021-04-28 00:33:08+00:00,3 Pigs BBQ,,-122.246039,37.493736,Displayed
2021-05-04 00:03:40+00:00,Sugar Butter Flour,,-122.057676,37.37208,Displayed
2021-05-06 22:06:33+00:00,Dough Zone Dumpling House - San Mateo,,-122.360942,37.546058,Displayed
2021-05-09 20:49:36+00:00,Stick & Steam,,-122.381869,37.600399,Displayed
2021-05-11 03:17:54+00:00,Lazy Dog Restaurant & Bar,,-122.008617,37.32372,Displayed
2021-05-11 23:53:42+00:00,Popeyes Louisiana Kitchen,,-122.224374,37.467333,Displayed
2021-05-12 00:43:01+00:00,Chick-fil-A,,-122.245765,37.502379,Displayed
2021-05-12 01:11:44+00:00,Shake Shack Hillsdale,,-122.301877,37.538746,Displayed
2021-05-15 03:09:50+00:00,The Halal Guys,,-122.36095,37.54601,Displayed
2021-05-16 02:42:10+00:00,Dahlia Mexican Grill,,-122.323663,37.5664,Displayed
2021-05-16 19:47:01+00:00,Espetus - San Mateo,,-122.319267,37.562403,Displayed
2021-05-21 01:27:30+00:00,Red Robin Gourmet Burgers and Brews,,-121.945676,37.394092,Displayed
2021-05-22 01:58:06+00:00,R&B Tea,,-121.944222,37.32606,Displayed
2021-05-22 02:41:25+00:00,Moo Bong Ri,,-121.999952,37.351262,Displayed
2021-05-22 23:05:08+00:00,Jamba,,-122.323453,37.562242,Displayed
2021-05-23 19:33:46+00:00,Ben Tre Vietnamese Homestyle Cuisine,,-122.390165,37.600776,Displayed
2021-06-06 01:55:59+00:00,Bowlero Milpitas,Happy singleness Tim,-121.877442,37.418547,Displayed
2021-06-06 03:02:23+00:00,Pho Kim Long,Happy goodbye singleness Tim,-121.886865,37.406719,Displayed
2021-06-06 20:13:12+00:00,Ben Tre Vietnamese Homestyle Cuisine,,-122.390097,37.600722,Displayed
2021-06-06 22:54:16+00:00,R&B Tea,,-121.944188,37.326046,Displayed
2021-06-11 02:53:04+00:00,Pacific Catch,,-121.932303,37.289303,Displayed
2021-06-11 19:48:30+00:00,Saigon Seafood Harbor Newark,Happy marriage Tim/Rachel,-122.046676,37.547612,Displayed
2021-06-12 02:04:13+00:00,Poké House - Warm Springs,Tim’s last dinner as a single man,-121.928408,37.486984,Displayed
2021-06-13 19:50:30+00:00,Angelicas,,-122.226086,37.485468,Displayed
2021-06-15 03:11:31+00:00,Marufuku Ramen - Oakland,,-122.262771,37.835151,Displayed
2021-06-15 03:36:53+00:00,Little Gem Belgian Waffles,,-122.258514,37.865518,Displayed
2021-06-18 02:50:34+00:00,Limon,,-122.345308,37.579652,Displayed
2021-06-18 19:31:04+00:00,Brothers Cafe,,-122.41192,37.65569,Displayed
2021-06-19 18:53:12+00:00,Kizuna,,-122.013642,37.308785,Displayed
2021-06-20 04:22:51+00:00,Gen Korean BBQ House,goodbye singleness Jeremy,-121.989257,37.293647,Displayed
2021-06-22 23:14:28+00:00,Paul Martin's American Grill,happy birthday father,-122.300704,37.538454,Displayed
2021-06-27 19:47:24+00:00,Tiger Tea & Juice - Burlingame,,-122.384331,37.594062,Displayed
2021-06-27 20:31:16+00:00,Hula Hoops,,-122.452618,37.644953,Displayed
2021-06-28 00:03:45+00:00,TP Tea,,-122.023664,37.311319,Displayed
2021-06-28 01:29:45+00:00,Suavecito Birria & Tacos,,-122.307155,37.564091,Displayed
2021-07-01 00:41:06+00:00,Pokeatery,Allstate food,-122.360977,37.545933,Displayed
2021-07-02 00:59:55+00:00,Ni-Mo,goodbye ryan,-122.324751,37.564014,Displayed
2021-07-03 01:51:54+00:00,Haidilao Hot Pot,,-122.009098,37.323685,Displayed
2021-07-03 19:18:04+00:00,In-N-Out Burger,,-122.227765,37.490595,Displayed
2021-07-04 00:40:08+00:00,MOD Pizza,,-122.278954,37.561824,Displayed
2021-07-04 19:28:29+00:00,Breakfast at Tiffany's,because birria was closed,-122.40452,37.730434,Displayed
2021-07-08 22:00:56+00:00,Wadaya,,-118.451266,34.055795,Displayed
2021-07-09 03:19:19+00:00,JINYA Ramen Bar - Santa Monica,,-118.485672,34.003687,Displayed
2021-07-09 20:13:45+00:00,Din Tai Fung,,-118.417368,34.057874,Displayed
2021-07-09 21:34:09+00:00,Magnolia Bakery,,-118.373055,34.073123,Displayed
2021-07-10 03:09:09+00:00,Purgatory Pizza,,-118.225741,34.047485,Displayed
2021-07-10 05:11:37+00:00,Max Karaoke Studio,losing our voices,-118.238572,34.0452,Displayed
2021-07-10 05:51:25+00:00,It's Boba Time - Western,,-118.309449,34.073714,Displayed
2021-07-10 06:30:46+00:00,Leo's Tacos Truck,,-118.309489,34.098356,Displayed
2021-07-10 21:06:58+00:00,Blue Bowl Superfoods,,-118.145027,33.829367,Displayed
2021-07-10 22:37:14+00:00,Jay Bird's Chicken,solo tender,-118.14504,33.82931,Displayed
2021-07-11 03:19:46+00:00,Plan Check Kitchen + Bar,what dean heck!!,-118.446093,34.043889,Displayed
2021-07-11 04:38:57+00:00,Ginger’s Divine Ice Creams,No thin mints :(,-118.43124,33.996633,Displayed
2021-07-11 20:47:31+00:00,Sonoritas Prime Tacos,awkward check ins,-118.443521,34.04082,Displayed
2021-07-12 03:06:18+00:00,Winston Pies,“Life changing pie” -Vannica,-118.441031,34.046208,Displayed
2021-07-12 04:01:01+00:00,Mendocino Farms,order in because Mario party takes precedence,-118.441129,34.046013,Displayed
2021-07-17 20:15:01+00:00,Fuji Sushi Buffet,"goodbye Kurtis, enjoy med school",-121.960918,38.370273,Displayed
2021-07-18 19:33:58+00:00,Rise Pizzeria - Burlingame,goodbye Jess enjoy San Diego,-122.349158,37.576886,Displayed
2021-07-19 00:28:01+00:00,Little Sweet,Goodbye Jess again,-122.460678,37.78137,Displayed
2021-07-19 01:17:08+00:00,Tacos El Patron,Finally get birria,-122.416156,37.749043,Displayed
2021-07-19 23:03:23+00:00,Firestone Grill,,-120.660472,35.28111,Displayed
2021-07-20 19:50:49+00:00,Opolo Vineyards,lots of wine and a job offer,-120.815985,35.591688,Displayed
2021-07-21 05:41:16+00:00,Splash Café Monterey St.,,-120.703506,35.527915,Displayed
2021-07-21 18:00:56+00:00,Broken Clock Vinegar Works,shrub,-120.154131,34.595085,Displayed
2021-07-21 20:12:59+00:00,Refugio Ranch Vineyards,more wine,-120.114705,34.667326,Displayed
2021-07-22 00:33:15+00:00,Petra,gyro pizza,-120.657715,35.28307,Displayed
2021-07-22 17:51:37+00:00,Firestone Walker Brewery Emporium,brewery tour,-120.694513,35.596387,Displayed
2021-07-22 20:15:09+00:00,Sylvester's Burgers,not a 5lb burger,-120.668696,35.488786,Displayed
2021-07-22 21:23:18+00:00,McPrice Myers Wines,more wine,-120.757833,35.655786,Displayed
2021-07-23 02:29:28+00:00,Firestone Grill,#2,-120.660325,35.281225,Displayed
2021-07-23 17:25:30+00:00,SummerWood Winery & Inn,last wine tasting,-120.715482,35.583999,Displayed
2021-07-23 20:34:09+00:00,The Dutchie,wine recovery,-120.853431,35.365163,Displayed
2021-07-24 20:33:39+00:00,Marufuku Ramen - Oakland,Danny’s tax fraud,-122.262759,37.835124,Displayed
2021-07-25 20:16:08+00:00,Tuna Kahuna,,-122.345754,37.579267,Displayed
2021-07-27 02:12:09+00:00,Ben Tre Vietnamese Homestyle Cuisine,Hiroka’s bucket list pho,-122.390208,37.600317,Displayed
2021-07-29 18:40:21+00:00,Seapot Hot Pot & KBBQ,happy anniversary parents,-122.31106,37.548526,Displayed
2021-07-31 02:23:00+00:00,HINODEYA Ramen Japantown,Matcha beer,-122.430057,37.786143,Displayed
2021-08-01 19:36:06+00:00,El Super Burrito,,-122.394625,37.604658,Displayed
2021-08-02 01:10:53+00:00,Udon Mugizo - Mountain View,hanging with sake,-122.07899,37.394176,Displayed
2021-08-06 01:49:34+00:00,Pho Ha Noi,Kristen’s favorite pho,-122.032049,37.321449,Displayed
2021-08-06 02:40:01+00:00,Sunright Tea Studio - Sunnyvale,,-122.017249,37.356605,Displayed
2021-08-07 01:08:14+00:00,BJ's Restaurant & Brewhouse,kinda of AllState mates,-122.00571,37.528035,Displayed
2021-08-07 17:29:47+00:00,Stowaway Kitchen,a very stressed Ingrid,-104.986655,39.758666,Displayed
2021-08-07 21:17:05+00:00,Escapology,easy difficulty,-104.984625,39.751202,Displayed
2021-08-08 00:39:43+00:00,Tocabe An American Indian Eatery,beees,-105.034116,39.776604,Displayed
2021-08-08 18:26:17+00:00,The Bindery,,-105.007158,39.76042,Displayed
2021-08-08 21:37:05+00:00,Downtown Aquarium,fish puns,-105.01353,39.752061,Displayed
2021-08-09 01:02:50+00:00,Sushi Den,long waits averted,-104.98064,39.689503,Displayed
2021-08-09 19:07:30+00:00,Park Burger,post iceberg hike,-105.020068,39.762158,Displayed
2021-08-10 19:57:21+00:00,Vesta,One of Stevens favorite pizza,-122.226825,37.486573,Displayed
2021-08-13 03:23:32+00:00,Pho Ha Noi,dating advice from a married man,-122.023687,37.311236,Displayed
2021-08-13 03:24:00+00:00,TP Tea,why does Rachel get no sugar,-122.02366,37.311264,Displayed
2021-08-14 22:06:39+00:00,Sol Food,post Josh celebration hike,-122.524207,37.971867,Displayed
2021-08-15 19:57:25+00:00,Mazra,,-122.415484,37.6296,Displayed
2021-08-19 00:16:05+00:00,La Corneta Taqueria,Quick Harrison sighting,-122.346027,37.579354,Displayed
2021-08-21 22:21:11+00:00,The Cakery,happy birthday Jonathan cake,-122.347557,37.578477,Displayed
2021-08-21 23:54:28+00:00,Benihana - Burlingame,A big blue ocean for Jonathan’s birthday,-122.364253,37.598328,Displayed
2021-08-22 20:25:50+00:00,The Refuge,A lot of people after church,-122.301817,37.537997,Displayed
2021-08-24 05:52:06+00:00,McDonald's,with a Yelp elite member!,-122.271547,37.563239,Displayed
2021-08-29 20:18:16+00:00,Mazra,,-122.415529,37.629598,Displayed
2021-08-31 01:36:18+00:00,a Mano,it’s been 2.5 years,-122.42369,37.776634,Displayed
2021-08-31 03:39:36+00:00,Salt & Straw,Maple and bacon,-122.436574,37.796423,Displayed
2021-09-03 01:42:15+00:00,Paik's Noodle,,-121.978171,37.351432,Displayed
2021-09-03 03:21:44+00:00,Sunright Tea Studio - Sunnyvale,,-122.017255,37.356508,Displayed
2021-09-03 18:36:27+00:00,Apple Fritter,too many donuts,-122.290852,37.553637,Displayed
2021-09-04 18:39:35+00:00,Farm House,sudden drakes closure backup,-122.275108,37.51739,Displayed
2021-09-05 19:50:44+00:00,Mazra,this is happening too much,-122.415512,37.629584,Displayed
2021-09-10 02:11:21+00:00,Manna,lots of spicy food,-122.467205,37.763915,Displayed
2021-09-12 20:02:14+00:00,Curry Hyuga,not getting curry,-122.364942,37.586142,Displayed
2021-09-14 01:21:21+00:00,Habibi's Birria,,-122.08684,37.658232,Displayed
2021-09-14 03:08:29+00:00,McDonald's,,-122.096469,37.631453,Displayed
2021-09-16 02:03:34+00:00,Pho Mai,prep for Dave and busters,-121.876251,37.41527,Displayed
2021-09-19 02:47:04+00:00,La Bodeguita Del Medio,Coworkerversary II,-122.145464,37.425609,Displayed
2021-09-19 19:14:23+00:00,In-N-Out Burger,,-122.382509,37.600836,Displayed
2021-09-26 04:37:29+00:00,Sizzling Lunch,,-121.896848,37.383392,Displayed
2021-09-26 19:16:56+00:00,Love Burn,,-122.426025,37.642987,Displayed
2021-10-02 03:18:16+00:00,Tofu Plus,,-122.015225,37.336145,Displayed
2021-10-02 20:11:21+00:00,Movement Santa Clara,falling,-121.947724,37.366773,Displayed
2021-10-02 20:39:57+00:00,ACHILLES,post falling,-121.950729,37.337693,Displayed
2021-10-02 22:23:48+00:00,September Coffee House,,-121.974441,37.338314,Displayed
2021-10-03 19:28:16+00:00,Chipotle Mexican Grill,,-122.386361,37.596837,Displayed
2021-10-04 20:21:27+00:00,Ramen Izakaya Yu-Gen,when Facebook is completely down,-122.078603,37.394487,Displayed
2021-10-05 00:14:45+00:00,Top Pot,happy birthday sister,-122.491816,37.651354,Displayed
2021-10-08 02:49:56+00:00,Sundance The Steakhouse,feliz cumpleaños hiroka,-122.149681,37.428536,Displayed
2021-10-09 02:23:08+00:00,Rise Pizzeria - Burlingame,,-122.349168,37.576877,Displayed
2021-10-09 21:25:17+00:00,Ramen Yamadaya,,-122.42974,37.786033,Displayed
2021-10-10 01:33:36+00:00,Milk Tea Lab,,-122.46702,37.763946,Displayed
2021-10-10 19:36:42+00:00,Mazra,,-122.415546,37.629548,Displayed
2021-10-13 02:49:44+00:00,Little Vietnamese Bistro,spontaneous,-122.411141,37.622044,Displayed
2021-10-13 04:23:31+00:00,Fieldwork Brewing Company,spontaneous therapy beer,-122.299027,37.541,Displayed
2021-10-16 02:18:50+00:00,Taishoken - San Mateo,,-122.324179,37.563328,Displayed
2021-10-16 20:43:49+00:00,Dogpatch Boulders,destroying forearms,-122.38791,37.75666,Displayed
2021-10-17 01:12:12+00:00,Zero Zero,post destroying forearms - Steven approved,-122.401809,37.781605,Displayed
2021-10-17 02:47:50+00:00,U :Dessert Story,not getting the fire thing,-122.430763,37.764291,Displayed
2021-10-18 00:09:23+00:00,Jack's Restaurant & Bar,post baptism,-122.419988,37.63418,Displayed
2021-10-27 02:11:39+00:00,El Torito,congrats to Adam being a coworker again,-122.190915,37.699143,Displayed
2021-10-31 19:37:26+00:00,Mazra,,-122.415534,37.629621,Displayed
2021-11-04 02:05:33+00:00,Totoro Ramen,,-122.333154,37.580004,Displayed
2021-11-05 01:33:17+00:00,KAIYŌ Cow Hollow,,-122.429902,37.797967,Displayed
2021-11-05 06:00:16+00:00,GIO Gelati - San Francisco,,-122.360917,37.545901,Displayed
2021-11-06 02:55:35+00:00,Sixto's Cantina,,-122.349248,37.57725,Displayed
2021-11-06 04:44:15+00:00,Urban Ritual,,-122.323645,37.566546,Displayed
2021-11-07 20:37:40+00:00,Love Burn,,-122.425855,37.643011,Displayed
2021-11-14 20:59:20+00:00,In-N-Out Burger,,-122.382534,37.600725,Displayed
2021-11-17 02:12:21+00:00,47 Hills Brewing Company,,-122.413546,37.644242,Displayed
2021-11-18 18:48:21+00:00,Shari's Cafe and Pies,,-122.436824,37.630856,Displayed
2021-11-21 20:39:45+00:00,Rise Pizzeria - Burlingame,,-122.349247,37.57705,Displayed
2021-11-23 02:39:45+00:00,Sumac Mediterranean Grill,,-122.272066,37.517445,Displayed
2021-11-23 03:40:19+00:00,Fieldwork Brewing Company,,-122.298965,37.541014,Displayed
2021-11-25 03:40:57+00:00,Udon Mugizo - Mountain View,,-122.078799,37.39423,Displayed
2021-11-25 05:19:08+00:00,Salt & Straw,,-122.161927,37.445518,Displayed
2021-11-27 02:59:37+00:00,Chase Center,,-122.387191,37.768105,Displayed
2021-11-28 21:12:51+00:00,Taqueria San Bruno,,-122.41159,37.635355,Displayed
2021-11-29 03:25:43+00:00,Dumpling Kitchen,,-122.48714,37.742545,Displayed
2021-11-30 02:18:06+00:00,Taraval Okazu Ya Restaurant,,-122.484848,37.742792,Displayed
2021-11-30 03:37:46+00:00,My Cup of Tea,,-122.474371,37.73236,Displayed
2021-12-04 03:05:33+00:00,Zareen's,connect 4,-122.227034,37.486394,Displayed
2021-12-04 21:45:26+00:00,Oracle Park,,-122.392712,37.777726,Displayed
2021-12-05 02:46:42+00:00,Jeffrey's Hamburgers,post a very (not) successful escape room,-122.324474,37.566916,Displayed
2021-12-05 04:15:16+00:00,Beard Papa's,pre spontaneous movie,-122.322891,37.566687,Displayed
2021-12-05 04:38:19+00:00,Century 12 San Mateo,encanto!,-122.32239,37.566261,Displayed
2021-12-05 21:03:09+00:00,Mediterranean Pizza and Gyros,post service lunch rec from anthony,-122.364325,37.586449,Displayed
2021-12-07 02:33:04+00:00,Mamahuhu,stop #1 on the clement crawl,-122.464797,37.782782,Displayed
2021-12-07 03:33:28+00:00,B Star,stop #2 on the clemente crawl,-122.460711,37.78307,Displayed
2021-12-11 03:39:31+00:00,Kogi Gogi BBQ,this was not a democracy,-122.466085,37.763077,Displayed
2021-12-12 01:36:15+00:00,A Slice of New York,,-121.958983,37.323438,Displayed
2021-12-13 00:36:28+00:00,Nico's Pier 38,day 1 poke stop 1,-157.877547,21.317877,Displayed
2021-12-13 02:34:16+00:00,Leonard's Bakery,day 1 stop 2,-157.813582,21.284943,Displayed
2021-12-13 19:16:58+00:00,Cinnamon's Restaurant,day 2 stop 1,-157.74213,21.396934,Displayed
2021-12-13 22:02:24+00:00,Uncle Clay's House Of Pure Aloha,day 2 stop 2,-157.753957,21.279254,Displayed
2021-12-14 03:53:42+00:00,Tonkatsu Tamafuji,day 2 stop 3,-157.81542,21.275037,Displayed
2021-12-15 02:02:00+00:00,The Alley,day 3 stop 1,-157.845482,21.292286,Displayed
2021-12-15 03:02:15+00:00,Eating House 1849 - Waikiki,day 3 stop 2,-157.826223,21.278468,Displayed
2021-12-15 04:57:24+00:00,Liliha Bakery,day 3 stop 3,-157.826616,21.278155,Displayed
2021-12-15 05:08:29+00:00,Tim Ho Wan,day 3 stop 4 (special bbq pork buns?),-157.829238,21.278879,Displayed
2021-12-15 19:13:23+00:00,Banán - Waikiki Beach Shack,day 4 stop 1 featuring banana açaí,-157.827863,21.277071,Displayed
2021-12-15 19:52:30+00:00,Rainbow Drive-In,day 4 stop 2,-157.814658,21.27567,Displayed
2021-12-15 20:45:07+00:00,Leonard's Bakery,day 4 stop 3,-157.832868,21.295314,Displayed
2021-12-15 20:49:01+00:00,Fujiya Hawaii,day 4 stop 4,-157.832956,21.295308,Displayed
2021-12-16 00:08:05+00:00,Romy's Kahuku Prawns & Shrimp,day 4 stop 5,-157.960727,21.684248,Displayed
2021-12-16 01:26:04+00:00,Ted's Bakery,day 4 stop 6,-158.036161,21.677659,Displayed
2021-12-16 03:28:40+00:00,Goma Tei Ramen Pearlridge,day 4 stop 7,-157.940849,21.385043,Displayed
2021-12-16 20:23:09+00:00,Poke On Da Run,day 5 stop 1 - poke nachos,-157.971406,21.391492,Displayed
2021-12-16 23:36:52+00:00,Waiola Shave Ice,day 5 step 2,-157.828655,21.292589,Displayed
2021-12-17 00:08:46+00:00,Musubi Cafe Iyasume,day 5 stop 3,-157.841993,21.294242,Displayed
2021-12-17 02:27:15+00:00,The Alley Restaurant Bar & Grill,day 5 stop 4 - a bowling alley restaurant,-157.929634,21.379136,Displayed
2021-12-17 05:27:08+00:00,Longhi's,"day 5 stop 5 - appetizers, desserts, and drinks",-158.121278,21.33219,Displayed
2021-12-17 21:35:49+00:00,Fresh Catch,day 6 stop 1 - poke,-157.801805,21.417138,Displayed
2021-12-17 23:23:09+00:00,Nisshodo Candy Store,day 6 stop 2 - mochi,-157.872944,21.321024,Displayed
2021-12-17 23:39:27+00:00,Kamehameha Bakery,day 6 stop 3 - no more taro malasadas,-157.876116,21.321801,Displayed
2021-12-18 00:03:46+00:00,Liliha Drive Inn,day 6 stop 4 - mochiko chicken for the plane,-157.862133,21.320396,Displayed
2021-12-19 20:36:03+00:00,Mazra,post service lunch,-122.41545,37.629541,Displayed
2021-12-21 04:42:52+00:00,Dogpatch Boulders,,-122.468043,37.782781,Displayed
2021-12-21 04:43:17+00:00,Tasty Pot,post climbing hot pot!,-122.468022,37.78278,Displayed
2021-12-24 20:11:53+00:00,Pho Element,christmas eve pho,-122.307678,37.546096,Displayed
2021-12-24 21:26:18+00:00,Heidi's Pies Restaurant,classic pie place,-122.310306,37.548895,Displayed
2021-12-24 22:27:09+00:00,See's Candies,peters gift card comes with samples,-122.300644,37.537081,Displayed
2021-12-30 01:50:03+00:00,Dogpatch Boulders,finally doing a v3,-122.388256,37.756705,Displayed
2021-12-30 02:46:17+00:00,Perilla,post rock climbing dinner!,-122.467109,37.764028,Displayed
2021-12-31 17:38:27+00:00,Moss Beach,,-122.51597,37.523688,Displayed
2021-12-31 18:04:55+00:00,Half Moon Bay Coffee Company,banana cream pie!,-122.428867,37.466566,Displayed
2021-12-31 20:11:09+00:00,10 Butchers Korean BBQ,rip the wallet featuring a5 japanese wagyu,-122.025479,37.362895,Displayed
2022-01-01 02:36:01+00:00,XLB Kitchen,it’s dumpling time!,-122.032978,37.319592,Displayed
2022-01-07 02:01:05+00:00,Ni-Mo,dinner featuring brandon’s car troubles (a falling wheel?),-122.324656,37.56403,Displayed
2022-01-09 20:55:27+00:00,Sapore Express,post church lunch!,-122.323065,37.563947,Displayed
2022-01-16 20:18:49+00:00,El Super Burrito,goodbye diamond,-122.39475,37.604675,Displayed
2022-01-18 05:13:23+00:00,The Habit Burger Grill,post spider-man dinner!,-122.291255,37.544782,Displayed
2022-01-23 21:12:19+00:00,Mendocino Farms,post church lunch!,-122.291067,37.544716,Displayed
2022-01-28 02:55:11+00:00,Parada 22,reunion dinner!,-122.452134,37.769262,Displayed
2022-01-28 05:18:23+00:00,OH Dessert Cafe,national chocolate cake day! (milo dino),-122.478471,37.76352,Displayed
2022-01-29 19:16:46+00:00,Arsicault Bakery,ryan’s “better than paris” croissants,-122.45914,37.783438,Displayed
2022-01-29 20:19:17+00:00,PPQ Dungeness Island - San Francisco,post croissant and pre golden gate park,-122.48447,37.782138,Displayed
2022-01-30 02:47:54+00:00,Flavas Jamaican Grill,thank you alfred!,-122.409899,37.655728,Displayed
2022-01-30 20:45:31+00:00,Rise Pizzeria - Burlingame,post bmc lunch!,-122.349289,37.57699,Displayed
2022-02-04 03:14:34+00:00,Lazy Dog Restaurant & Bar,is this part of the quintessential american experience?,-122.008546,37.323492,Displayed
2022-02-06 20:29:38+00:00,Curry Hyuga,post service lunch!,-122.364788,37.586113,Displayed
2022-02-13 20:13:24+00:00,Taqueria San Bruno,happy birthday hubert,-122.41164,37.635369,Displayed
2022-02-15 01:52:21+00:00,Boba Bliss,wow a yelp elite event,-122.113285,37.401472,Displayed
2022-02-15 03:26:14+00:00,Kunjip,“gEt tHe GaLBi TAng nOT tHE SeOL lEOng TanG”,-121.978685,37.345827,Displayed
2022-02-17 03:19:42+00:00,Dumpling Empire,,-122.408681,37.654518,Displayed
2022-02-20 03:04:22+00:00,Cha Cha Cha,before a comedy show,-122.452056,37.769249,Displayed
2022-02-20 05:31:13+00:00,The Milk Bar,stand up comedy show,-122.452253,37.769386,Displayed
2022-02-20 05:45:18+00:00,El Rancho Grande,sober up ryan churros,-122.449528,37.769875,Displayed
2022-02-20 20:37:53+00:00,In-N-Out Burger,post church lunch,-122.382537,37.600844,Displayed
2022-02-21 02:24:22+00:00,Grand HotPot,happy chinese new year,-122.49185,37.650765,Displayed
2022-02-25 02:44:59+00:00,Amami Sushi Bistro,unexpected omakase,-122.410203,37.62017,Displayed
2022-02-27 02:32:18+00:00,Vesta,finally being real life friends,-122.226783,37.486688,Displayed
2022-02-27 22:18:35+00:00,Urban Ritual,,-122.323634,37.566661,Displayed
2022-02-28 03:11:15+00:00,Taqueria Mi Durango,,-122.410567,37.619721,Displayed
2022-03-02 02:45:13+00:00,Cuban Kitchen,,-122.293443,37.533806,Displayed
2022-03-06 20:26:45+00:00,Curry Hyuga,post church lunch!,-122.364865,37.586114,Displayed
2022-03-08 02:48:56+00:00,Happy Lamb Hot Pot,happy birthday hayden,-122.078465,37.395088,Displayed
2022-03-10 03:42:02+00:00,Beit Rima,not finding a seat,-122.449676,37.765927,Displayed
2022-03-13 02:42:38+00:00,Las Delicias De Tonita,taco crawl stop #1,-121.886018,37.331758,Displayed
2022-03-13 03:20:39+00:00,La Costa,taco crawl stop #2,-121.853514,37.353938,Displayed
2022-03-13 03:53:26+00:00,Tacos Los Tres Reyes,taco crawl stop #3,-121.829548,37.348684,Displayed
2022-03-13 04:40:55+00:00,Tacos Montero,taco crawl stop #4,-121.853604,37.3331,Displayed
2022-03-13 19:42:02+00:00,Mazra,post church lunch!,-122.415562,37.629636,Displayed
2022-03-19 18:32:00+00:00,Pho Ha Noi,last minute weekend plans for brunch,-122.031966,37.321633,Displayed
2022-03-20 01:40:39+00:00,Bintang Badminton - Milpitas,sweating,-121.89254,37.422657,Displayed
2022-03-20 03:33:41+00:00,Sala Thai 3,did the eggplant have peanuts???,-121.933203,37.405103,Displayed
2022-03-20 19:54:00+00:00,In-N-Out Burger,post church lunch!,-122.382544,37.600833,Displayed
2022-03-21 00:29:16+00:00,Movement,post church climbing!,-122.28734,37.52912,Displayed
2022-03-21 01:49:16+00:00,Slice House by Tony Gemignani,pizza time with steven and ryan,-122.27582,37.51995,Displayed
2022-03-22 02:22:37+00:00,Hidden Spot - South San Francisco,post basketball food,-122.428796,37.640133,Displayed
2022-03-23 03:09:29+00:00,Japonessa Sushi Cocina,alone at the bar with a small but expensive belly sampler because why not,-122.201415,47.614894,Displayed
2022-03-23 03:50:18+00:00,Lady M Cake Boutique,becoming real life friends with christine,-122.203399,47.615495,Displayed
2022-03-23 21:57:02+00:00,FLEE Escape Games & VR Arena,oculus content de offisite,-122.137063,47.630575,Displayed
2022-03-24 01:26:57+00:00,Lucky Strike Bellevue,offsite social,-122.20139,47.616785,Displayed
2022-03-24 02:09:24+00:00,Cactus Restaurants,,-122.201702,47.616735,Displayed
2022-03-25 01:42:21+00:00,Big Max Burger,real life dank friends,-122.357218,47.637263,Displayed
2022-03-25 02:38:02+00:00,Molly Moon's Homemade Ice Cream,they have free healthcare,-122.361492,47.632121,Displayed
2022-03-25 15:40:10+00:00,Seattle Marriott Bellevue,,-122.193284,47.612655,Displayed
2022-03-26 01:21:24+00:00,Bongos,on a mission for fried plantains,-122.347112,47.676524,Displayed
2022-03-27 19:38:46+00:00,Tai Wu,post church lunch!,-122.390299,37.602024,Displayed
2022-03-28 02:08:18+00:00,Warung Siska,amos is an old man now,-122.226066,37.484708,Displayed
2022-03-28 03:41:01+00:00,Galette,,-122.227745,37.486665,Displayed
2022-03-31 02:31:12+00:00,Original Joe's Westlake,hiroka is alive,-122.485453,37.701733,Displayed
2022-03-31 19:10:54+00:00,Godfather's Burger Lounge,recruiting jonathan,-122.271165,37.51619,Displayed
2022-04-02 22:28:50+00:00,Super Kyo-Po Plaza,post exercising,-121.994296,37.339066,Displayed
2022-04-02 23:42:37+00:00,McDonald's,fries fries fries and mcflurry,-121.993869,37.338403,Displayed
2022-04-03 02:27:13+00:00,Moo Bong Ri,the return,-122.000072,37.351208,Displayed
2022-04-03 20:08:32+00:00,Kaz Teriyaki Grill,post church lunch!,-122.323585,37.563451,Displayed
2022-04-04 01:33:24+00:00,Grand Palace Seafood Restaurant 富源酒家,post cemetery dinner,-122.411542,37.655205,Displayed
2022-04-08 15:34:18+00:00,Portillo's Chicago - Canal and Taylor,italian beef at 10:30am,-87.639683,41.870412,Displayed
2022-04-08 17:15:27+00:00,Al's Beef,italian beef again,-87.653945,41.869388,Displayed
2022-04-09 00:27:35+00:00,"Bar Goa, an Indian Restaurant & Cocktail Bar",analysis paralysis,-87.650623,41.886867,Displayed
2022-04-09 01:38:10+00:00,BomboBar,bomboloni,-87.648477,41.884742,Displayed
2022-04-09 03:47:14+00:00,Replay Lincoln Park,shrek themed bar,-87.653362,41.933732,Displayed
2022-04-09 06:04:13+00:00,White Palace Grill,late night diners featured on diners drive ins and dives,-87.639102,41.867583,Displayed
2022-04-09 18:30:50+00:00,Good Ambler,breakfast at 1pm,-87.649894,41.886249,Displayed
2022-04-09 19:31:56+00:00,Portillo's & Barnelli's Chicago,in chicago chicago dogs are called dogs,-87.631594,41.893442,Displayed
2022-04-10 01:21:36+00:00,Lou Malnati's Pizzeria,pizzaaa,-87.627462,41.871554,Displayed
2022-04-10 04:10:39+00:00,Sakura Karaoke Bar,losing voices again,-87.634657,41.853553,Displayed
2022-04-10 04:28:16+00:00,Kung Fu Tea,recovery from karaoke,-87.633102,41.854426,Displayed
2022-04-10 18:23:46+00:00,Harold's Chicken Shack,chicken chicken chicken,-87.622124,41.831088,Displayed
2022-04-10 20:15:57+00:00,Kasama,ube and huckleberry basque cake,-87.675697,41.899617,Displayed
2022-04-10 21:26:48+00:00,Devil Dawgs - South State,chicago dog!,-87.627548,41.87213,Displayed
2022-04-10 23:00:20+00:00,Sweet Mandy B's,happy birthday dani,-87.659488,41.921644,Displayed
2022-04-11 02:46:32+00:00,Upstairs at the Gwen,happy birthday dani,-87.626829,41.892669,Displayed
2022-04-11 05:20:00+00:00,ShowPlace ICON Theatre & Kitchen at Roosevelt Collection,everything everywhere all at once but i have no idea what happened,-87.632688,41.86912,Displayed
2022-04-11 17:34:37+00:00,Vietfive Coffee - Chicago,coffee for the 6th time and a banh mi empanada,-87.655,41.88181,Displayed
2022-04-11 18:40:58+00:00,Gino's East - South Loop,za,-87.629238,41.875275,Displayed
2022-04-12 02:11:24+00:00,BomboBar,not seeing steve carrell this time,-87.648568,41.884629,Displayed
2022-04-12 03:03:12+00:00,Girl & The Goat,treat. yo. self.,-87.647829,41.884424,Displayed
2022-04-12 19:09:55+00:00,Good Ambler,tea tea,-87.649897,41.88625,Displayed
2022-04-12 20:22:31+00:00,Beatrix - Fulton Market,“brunch”,-87.648827,41.886848,Displayed
2022-04-16 21:52:31+00:00,Uzumakiya Udon Izakaya,post sports lunch,-122.023806,37.311352,Displayed
2022-04-16 22:53:44+00:00,TP Tea,1 cent qq noodle,-122.023667,37.311331,Displayed
2022-04-17 01:46:16+00:00,XLB Kitchen,yum,-122.033063,37.319561,Displayed
2022-04-17 20:46:47+00:00,Mendocino Farms,post church lunch!,-122.291716,37.544988,Displayed
2022-04-18 01:05:50+00:00,Chicken Meets Rice,happy easter,-121.869409,37.327104,Displayed
2022-04-20 01:30:38+00:00,Manna,congrats on your PE exam,-122.46734,37.763868,Displayed
2022-04-20 03:44:23+00:00,Mitchells Ice Cream,finally,-122.422763,37.744157,Displayed
2022-04-22 02:31:46+00:00,Jack's Restaurant & Bar,adams housewarming,-121.993978,37.518409,Displayed
2022-04-23 22:01:15+00:00,Toryumon Japanese House,omakase first meal,-77.043478,38.900635,Displayed
2022-04-24 14:06:26+00:00,Founding Farmers Fishers & Bakers,brunch time,-77.060002,38.901475,Displayed
2022-04-24 18:10:03+00:00,Dumbarton Oaks,,-77.06418,38.914057,Displayed
2022-04-24 23:49:40+00:00,Nando's Peri-Peri,chicken,-77.0415,38.906082,Displayed
2022-04-25 16:21:10+00:00,National Museum of African American History and Culture,,-77.032278,38.891013,Displayed
2022-04-25 21:47:55+00:00,Toryumon Japanese House,happy hour,-77.043464,38.900621,Displayed
2022-04-26 14:12:36+00:00,National Museum of American History,,-77.030114,38.891469,Displayed
2022-04-26 17:06:21+00:00,Old Ebbitt Grill,,-77.033175,38.897935,Displayed
2022-04-26 19:03:45+00:00,National Portrait Gallery,,-77.022936,38.898122,Displayed
2022-04-26 23:59:46+00:00,Daikaya Ramen Shop,,-77.019761,38.898503,Displayed
2022-04-27 14:27:08+00:00,National Postal Museum,,-77.008093,38.897607,Displayed
2022-04-27 16:34:22+00:00,Ben's Chili Bowl,,-76.992594,38.900105,Displayed
2022-04-27 17:56:42+00:00,Planet Word Museum,,-77.029937,38.901851,Displayed
2022-04-27 21:02:49+00:00,Modena,,-77.028348,38.899636,Displayed
2022-04-27 21:59:31+00:00,Cranes Spanish Kaiseki,happy hr2 with nicer people,-77.024094,38.899019,Displayed
2022-04-28 01:17:10+00:00,Pisco y Nazca Ceviche Gastrobar,3rd dinner,-77.042137,38.904679,Displayed
2022-04-28 14:30:33+00:00,Arts & Industries Building Smithsonian Institution,,-77.024584,38.888722,Displayed
2022-04-28 16:06:18+00:00,Han Palace,bottomless mimosas with dim sum,-77.052164,38.924863,Displayed
2022-04-28 17:59:34+00:00,Hirshhorn Museum & Sculpture Garden,,-77.022907,38.887767,Displayed
2022-04-28 20:57:01+00:00,King Street Oyster Bar,happy hour,-77.007834,38.90567,Displayed
2022-04-29 14:28:41+00:00,Founding Farmers DC,real life friends with jerms,-77.044522,38.900552,Displayed
2022-04-29 18:47:09+00:00,Tatte Bakery & Cafe,,-77.041612,38.906977,Displayed
2022-05-01 19:29:08+00:00,L&L Hawaiian Barbecue,post church lunch!,-122.381843,37.600442,Displayed
2022-05-16 02:17:02+00:00,Espetus - San Mateo,i am very full,-122.319274,37.562345,Displayed
2022-05-18 02:17:56+00:00,Fogo de Chão Brazilian Steakhouse,metaverse content de team dinner,-122.201556,47.614663,Displayed
2022-05-18 04:24:18+00:00,Pie Bar Ballard,pieee,-122.385755,47.668682,Displayed
2022-05-19 00:58:30+00:00,Ristorante Picolinos,metaverse de dinner,-122.398636,47.675558,Displayed
2022-05-19 03:41:44+00:00,Hot Cakes - Ballard,molten cake,-122.385621,47.667909,Displayed
2022-05-20 00:49:47+00:00,Chamei Matcha,post buying a lush bath bomb,-122.202857,47.61547,Displayed
2022-05-20 01:57:14+00:00,Isarn Thai Soul Kitchen,being real life friends with d3 pva,-122.301846,47.675832,Displayed
2022-05-20 06:15:46+00:00,Betsu Ten Jin,SPONTANEOUS late night ramen,-122.319447,47.613365,Displayed
2022-05-21 02:20:41+00:00,Spice Waala,,-122.382618,47.669582,Displayed
2022-05-21 03:25:10+00:00,Mox Boarding House Seattle,board game restaurant,-122.380434,47.664869,Displayed
2022-05-21 17:39:59+00:00,Café Besalu,bakery,-122.387818,47.671962,Displayed
2022-05-21 18:49:31+00:00,Paseo,cuban,-122.35016,47.658606,Displayed
2022-05-22 00:16:56+00:00,Dick's Drive-In,not late night,-122.371695,47.696443,Displayed
2022-05-22 19:40:24+00:00,Mendocino Farms,post church lunch!,-122.290995,37.544641,Displayed
2022-05-25 01:27:30+00:00,Hue Restaurant,being real life friends with jerms again,-121.813737,37.309493,Displayed
2022-05-27 19:29:03+00:00,Vive La Tarte,bakery stop 1,-122.432605,37.751465,Displayed
2022-05-27 20:13:57+00:00,Dandelion Chocolate,bakery stop 2,-122.421777,37.761066,Displayed
2022-05-27 21:18:42+00:00,Pica Pica Arepa Kitchen,arepa,-122.421945,37.766541,Displayed
2022-05-27 21:50:02+00:00,Thorough Bread & Pastry,bakery stop 3,-122.429312,37.766591,Displayed
2022-05-28 01:47:55+00:00,ILCHA,getting in without a reservation,-122.43691,37.800001,Displayed
2022-05-29 19:30:00+00:00,In-N-Out Burger,post church lunch!,-122.382546,37.600852,Displayed
2022-06-05 00:52:18+00:00,Golden Tee Golfland,june affinity group,-122.087833,37.692651,Displayed
2022-06-05 01:09:33+00:00,The Chicken On Fire,june affinity group,-122.084048,37.695267,Displayed
2022-06-05 02:34:41+00:00,Always Yours Bakery Cafe,june affinity group - one bite of an ube cookie,-122.077745,37.696294,Displayed
2022-06-05 20:27:00+00:00,Mazra,post church lunch!,-122.415398,37.629629,Displayed
2022-06-08 01:17:33+00:00,British Bankers Club,ex d3 happy hour pt1,-122.182739,37.453754,Displayed
2022-06-09 02:28:19+00:00,Brochette Dumpling,i have high hopes,-122.474346,37.718029,Displayed
2022-06-09 04:09:05+00:00,Mitchells Ice Cream,cream of ice,-122.422729,37.744201,Displayed
2022-06-10 01:57:21+00:00,Wursthall,the wurst hall,-122.324575,37.567226,Displayed
2022-06-11 20:16:41+00:00,Killiney Kopitiam,so spontaneous,-122.159777,37.446625,Displayed
2022-06-12 00:43:29+00:00,Tin Pot Creamery,for evelyn’s wedding,-122.158999,37.438673,Displayed
2022-06-12 02:41:05+00:00,10 Butchers Korean BBQ,hubert has connections,-122.025648,37.362756,Displayed
2022-06-16 01:06:15+00:00,Ramen Parlor,,-122.317787,37.56186,Displayed
2022-06-16 02:02:58+00:00,Meet Fresh,,-122.322257,37.56577,Displayed
2022-06-19 00:07:25+00:00,Lotus Falafel and Shawerma-San Bruno,,-122.411336,37.626967,Displayed
2022-06-19 20:14:45+00:00,Dough Zone Dumpling House - San Mateo,post church lunch!,-122.323187,37.563695,Displayed
2022-06-21 03:18:33+00:00,NY Pizza Suprema,post arrival pizza,-73.994724,40.750357,Displayed
2022-06-21 03:57:31+00:00,Andiamo Pizza,post arrival pizza stop 2,-73.9933,40.742211,Displayed
2022-06-21 12:47:43+00:00,Dominique Ansel Workshop,pastry dka,-73.986698,40.743522,Displayed
2022-06-21 21:27:54+00:00,City Winery New York City,wine wine wine,-74.009414,40.743141,Displayed
2022-06-21 22:33:31+00:00,La Pecora Bianca,beat saber team dinner,-74.008156,40.739447,Displayed
2022-06-22 01:53:20+00:00,Bleecker Street Pizza,post team dinner pizza,-74.0035,40.732275,Displayed
2022-06-22 02:20:36+00:00,Joe's Pizza,post team dinner pizza #2,-74.002147,40.730629,Displayed
2022-06-22 23:31:51+00:00,Kame,walking in the late rain to dinner,-73.996822,40.747485,Displayed
2022-06-23 00:26:55+00:00,Chelsea Market,,-74.006073,40.742095,Displayed
2022-06-23 00:27:31+00:00,Los Tacos No.1,dinner #2,-74.006027,40.742118,Displayed
2022-06-23 01:39:46+00:00,Eataly - Flatiron,gelato,-73.989249,40.742132,Displayed
2022-06-25 20:45:53+00:00,De La Hacienda Taqueria,post surfing,-122.0214,36.963022,Displayed
2022-06-26 04:00:12+00:00,Pizzeria La Bufala,post boardwalk roller coasters,-122.025755,36.974811,Displayed
2022-06-26 04:56:37+00:00,The Penny Ice Creamery,,-122.027751,36.974794,Displayed
2022-06-26 21:45:18+00:00,Ben Tre Vietnamese Homestyle Cuisine,post church lunch!,-122.390281,37.600705,Displayed
2022-06-27 01:16:21+00:00,Lai Hong Lounge,happy birthday dad,-122.410066,37.797772,Displayed
2022-07-01 03:06:55+00:00,Blue Oak Brewing Company,ex d3 happy hour,-122.252993,37.510269,Displayed
2022-07-01 04:46:44+00:00,McDonald's,post ex d3 happy hour,-122.265794,37.511212,Displayed
2022-07-01 15:56:50+00:00,Backhaus,meta day pastries,-122.325165,37.563434,Displayed
2022-07-03 19:49:05+00:00,Rise Woodfire Pizza & Rotisserie,post church lunch!,-122.323766,37.567864,Displayed
2022-07-03 23:27:54+00:00,Beard Papa's,,-122.322782,37.566644,Displayed
2022-07-07 03:06:28+00:00,Taishoken - San Mateo,hello alicia,-122.324075,37.563322,Displayed
2022-07-08 01:36:23+00:00,Burma Taste,sketchy parking lots with hang,-122.030004,37.377251,Displayed
2022-07-09 01:15:38+00:00,The Cakery,definitely not last second happy birthday ryan,-122.347547,37.578501,Displayed
2022-07-09 02:54:40+00:00,Tomokazu Japanese Cuisine,happy birthday ryan,-122.343817,37.578274,Displayed
2022-07-10 01:24:07+00:00,Zareen's,dinner pre thor,-122.227117,37.486455,Displayed
2022-07-10 19:40:49+00:00,Diamond Head General Store,post church lunch!,-122.409414,37.618966,Displayed
2022-07-10 22:32:56+00:00,Boba Guys,,-122.347595,37.579699,Displayed
2022-07-11 01:48:26+00:00,wonderful,wonderful,-122.391429,37.600659,Displayed
2022-07-13 01:52:38+00:00,Dish N Dash - Sunnyvale,dish NNNNNNNNNN dash,-122.028807,37.394306,Displayed
2022-07-15 02:09:03+00:00,Costco Food Court,pre karaoke,-122.401163,37.642078,Displayed
2022-07-15 05:21:07+00:00,Eplus Karaoke,,-122.402227,37.64007,Displayed
2022-07-16 19:37:46+00:00,Doug's Place,july affinity group,-122.075458,37.694457,Displayed
2022-07-17 20:09:31+00:00,Mazra,post church lunch!,-122.415425,37.629629,Displayed
2022-07-18 02:53:28+00:00,Ox 9 Lanzhou Handpulled Noodles,post volleyball dinner,-122.324553,37.567636,Displayed
2022-07-19 19:05:06+00:00,Tendon Tempura Carlos Junior,not carl’s jr.,-118.314157,33.833372,Displayed
2022-07-19 20:25:59+00:00,Kansha Creamery,not pre beacon kansha,-118.30943,33.862778,Displayed
2022-07-20 01:40:56+00:00,The Donut Man,finally fulfilling a promise,-118.248315,34.0503,Displayed
2022-07-20 04:12:01+00:00,Perch,spontaneous rooftop bar,-118.251261,34.048809,Displayed
2022-07-20 19:28:50+00:00,Bopomofo Cafe,derricks dream,-118.111942,34.102363,Displayed
2022-07-21 02:33:26+00:00,Mian,hello nathan/keiley,-118.104274,34.080021,Displayed
2022-07-21 04:22:31+00:00,Salju Dessert,not fosselmans,-118.124153,34.078931,Displayed
2022-07-21 18:56:14+00:00,Ronto Roasters,,-117.921432,33.814587,Displayed
2022-07-21 19:24:52+00:00,Oga's Cantina,drinks,-117.92096,33.81466,Displayed
2022-07-22 02:41:12+00:00,Brodard Restaurant,,-117.954944,33.72899,Displayed
2022-07-22 04:34:28+00:00,Avenue 26 Tacos,obligatory,-118.238375,34.043533,Displayed
2022-07-23 03:49:39+00:00,Young Dong Tofu House,hello ryan’s friends,-118.087493,34.104009,Displayed
2022-07-23 04:11:53+00:00,Factory Tea Bar - San Gabriel,“sgv institution”,-118.108958,34.097628,Displayed
2022-07-23 21:10:38+00:00,The Taco Stand,real life friends with jess,-117.276828,32.839327,Displayed
2022-07-24 01:34:30+00:00,Tacos El Gordo,staple,-117.089092,32.629054,Displayed
2022-07-24 04:17:40+00:00,Part Time Lover,,-117.129997,32.748058,Displayed
2022-07-24 20:03:18+00:00,Ai Pono Cafe,post bcc church lunch!,-117.916782,33.633068,Displayed
2022-07-25 02:44:21+00:00,Yuk Dae Jang - Irvine,,-117.812989,33.683179,Displayed
2022-07-25 04:02:34+00:00,Handel’s Homemade Ice Cream - Irvine,ice cream for derrick,-117.790095,33.722641,Displayed
2022-07-25 20:00:17+00:00,Savoy Kitchen,,-118.120992,34.078524,Displayed
2022-07-26 05:38:30+00:00,Hae Jang Chon,,-118.149273,34.146009,Displayed
2022-07-26 05:43:07+00:00,Wanderlust Creamery,,-118.149193,34.145896,Displayed
2022-07-26 20:18:21+00:00,Bon Appetea Cafe - Alhambra,,-118.128894,34.093721,Displayed
2022-07-27 01:16:18+00:00,Porto's Bakery & Cafe,,-117.997554,33.852315,Displayed
2022-07-30 01:52:54+00:00,Falafel Stop,pre game night,-122.032652,37.351199,Displayed
2022-07-30 22:21:35+00:00,In-N-Out Burger,great america break,-121.982255,37.388057,Displayed
2022-07-31 05:29:10+00:00,Boiling Point,not taiwanese spicy,-121.883687,37.386899,Displayed
2022-07-31 20:25:38+00:00,Terun Pizza,goodbye sarah,-122.145542,37.426088,Displayed
2022-08-04 01:51:12+00:00,Shanghai Dumpling King,g r a n d o p e n i n g,-122.42944,37.767709,Displayed
2022-08-04 03:38:34+00:00,Bi-Rite Creamery,,-122.425782,37.761456,Displayed
2022-08-05 17:40:25+00:00,Cheung Hing,getting here at the very opening for the soft opening,-122.274792,37.521845,Displayed
2022-08-06 00:12:26+00:00,Pho Ha Noi,family dinner,-122.032009,37.321547,Displayed
2022-08-07 01:01:28+00:00,Gunther's Quality Ice Cream,post rafting and finding matt’s wallet ice cream,-121.475541,38.553411,Displayed
2022-08-07 02:01:57+00:00,Queen Sheba Ethiopian Cuisine,ethiopian!,-121.49091,38.561088,Displayed
2022-08-07 19:49:52+00:00,Bacon & Butter,,-121.435995,38.54712,Displayed
2022-08-09 06:21:28+00:00,Cafe Colma,this was an experience,-122.452605,37.679533,Displayed
2022-08-10 01:57:54+00:00,Good Good Culture Club,real life friends with hiroka once more,-122.422837,37.761734,Displayed
2022-08-10 03:22:39+00:00,Smitten Ice Cream,,-122.421167,37.758378,Displayed
2022-08-13 03:38:13+00:00,Hook Fish,post soccer,-122.506882,37.762308,Displayed
2022-08-14 21:49:41+00:00,Sapore Express,post church lunch!,-122.322927,37.563918,Displayed
2022-08-14 23:11:29+00:00,Mr. Bread,,-122.477163,37.743021,Displayed
2022-08-15 00:31:02+00:00,Lappert's Ice Cream,,-122.479326,37.855576,Displayed
2022-08-15 01:42:47+00:00,Queens,seeing a san mateo peep,-122.466865,37.765295,Displayed
2022-08-15 03:16:30+00:00,Genki Crepes & Mini-Mart,,-122.462846,37.783109,Displayed
2022-08-18 02:14:17+00:00,Coconuts Caribbean Restaurant & Bar,real life friends with amos once more,-122.160191,37.443961,Displayed
2022-08-20 06:17:37+00:00,Midtown BierGarten,,-121.475326,38.574033,Displayed
2022-08-20 07:39:07+00:00,The Jungle Bird,drinks,-121.472577,38.574601,Displayed
2022-08-20 20:19:39+00:00,Don Quixote's Mexican Grill,,-121.274706,38.805266,Displayed
2022-08-20 21:04:44+00:00,Topgolf,finally,-121.295746,38.790595,Displayed
2022-08-20 23:21:01+00:00,Vic's Ice Cream,christian had a good game,-121.50562,38.550142,Displayed
2022-08-21 06:49:26+00:00,Kiki's Chicken Place,post dillon francis,-121.48057,38.577124,Displayed
2022-08-21 07:31:59+00:00,Kupros Craft House,and another bar,-121.479731,38.573534,Displayed
2022-08-21 18:15:22+00:00,The Porch,brunch,-121.482442,38.576353,Displayed
2022-08-21 20:40:48+00:00,Ro Sham Beaux,bottle of wine,-121.47395,38.575243,Displayed
2022-08-26 02:19:22+00:00,Il Fornaio,happy birthday jonathan,-121.977357,37.381076,Displayed
2022-08-27 19:18:26+00:00,Poké House - Santa Cruz,,-122.026739,36.976018,Displayed
2022-08-28 02:43:14+00:00,Flashbird Chicken,post way too much sand volleyball,-122.025689,36.974811,Displayed
2022-08-28 04:05:44+00:00,The Penny Ice Creamery,a pint of dark chocolate and raspberry,-122.027782,36.974862,Displayed
2022-08-28 20:16:59+00:00,Mazra,post church lunch!,-122.415451,37.629597,Displayed
2022-09-04 00:17:51+00:00,Marugame Udon,pre volleyball because oregon got destroyed by georgia,-122.476217,37.727573,Displayed
2022-09-04 06:13:30+00:00,Wingstop,post volleyball,-122.483919,37.699636,Displayed
2022-09-04 19:55:02+00:00,In-N-Out Burger,post church lunch!,-122.382528,37.600804,Displayed
2022-09-04 22:36:54+00:00,Tiger Tea & Juice - Burlingame,,-122.384268,37.593898,Displayed
2022-09-05 02:41:35+00:00,Ono Hawaiian BBQ,,-122.464438,37.671926,Displayed
2022-09-07 01:17:19+00:00,Green Island Restaurant,dinner with the parents,-122.46238,37.781154,Displayed
2022-09-08 02:07:48+00:00,Um Ma,“the kitchen is too ethnically diverse” -kristen,-122.466416,37.765479,Displayed
2022-09-08 05:00:13+00:00,Mitchells Ice Cream,apparently every time in sf,-122.422626,37.744171,Displayed
2022-09-10 05:49:02+00:00,In-N-Out Burger,,-121.982246,37.388004,Displayed
2022-09-11 03:30:37+00:00,Khaosan Thai,being allergic to the khao soi,-121.933463,37.271966,Displayed
2022-09-11 04:34:07+00:00,Dairy Queen Grill & Chill,testing out the fast food tier ranking,-121.950071,37.282454,Displayed
2022-09-11 05:02:20+00:00,Fosters Freeze,freeze pt2,-121.944745,37.269298,Displayed
2022-09-11 20:05:03+00:00,Little Lucca,post church lunch!,-122.38496,37.594326,Displayed
2022-09-12 01:07:03+00:00,Green Island Restaurant,,-122.462544,37.781094,Displayed
2022-09-15 00:59:59+00:00,Urban Plates,hubert’s free food,-122.034078,37.374694,Displayed
2022-09-15 05:09:33+00:00,Meet Fresh,not getting more mango sauce,-122.010815,37.324367,Displayed
2022-09-17 19:22:45+00:00,One Piece Lamian,joel’s reunion,-122.044043,37.576086,Displayed
2022-09-17 21:34:27+00:00,Bowlero Milpitas,joel brings us together,-121.877256,37.418861,Displayed
2022-09-18 19:53:11+00:00,La Petite Camille,lots of people,-122.388625,37.599968,Displayed
2022-09-19 19:30:12+00:00,Oddfellows Cafe & Bar,bigbox meet,-122.319515,47.614935,Displayed
2022-09-20 01:24:46+00:00,Pelicana Chicken,"being real life friends with dani, vannica and badal again",-122.322252,47.615084,Displayed
2022-09-21 02:38:32+00:00,Sushi Blossom,$65 of sushi for myself,-122.349898,47.61762,Displayed
2022-09-22 00:32:35+00:00,Flatstick Pub - South Lake Union,not getting to do mini golf but trying to get in some trivia,-122.338436,47.624964,Displayed
2022-09-24 20:49:28+00:00,Sizzling Lunch,september affinity group,-122.088422,37.372022,Displayed
2022-09-24 23:15:25+00:00,Boba Bliss,it’s really hot,-122.113068,37.401349,Displayed
2022-09-25 02:04:21+00:00,Doppio Zero Mountain View,pizza pizza,-122.078954,37.394397,Displayed
2022-09-25 20:08:03+00:00,Palmetto Superfoods,post church lunch!,-122.347462,37.576946,Displayed
2022-09-28 01:08:05+00:00,District Six,metaverse de offsite q3 2022,-122.412044,37.769818,Displayed
2022-09-29 01:06:16+00:00,Fleming’s Prime Steakhouse & Wine Bar,metaverse content de offsite,-122.170267,37.444619,Displayed
2022-10-01 03:23:41+00:00,Noelani's Island Grill,not happy birthday marisa sorry,-122.254134,37.500855,Displayed
2022-10-01 05:38:03+00:00,Somisomi,sorry marisa,-122.159781,37.447565,Displayed
2022-10-02 20:05:56+00:00,Tuna Kahuna,post church lunch!,-122.345802,37.579255,Displayed
2022-10-04 12:53:58+00:00,Lark Creek Grill,priority pass,-122.381557,37.617403,Displayed
2022-10-04 23:01:22+00:00,Joe's Pizza,stop #1,-73.999519,40.743889,Displayed
2022-10-05 00:46:29+00:00,Veselka,failing to get dinner multiple times,-73.986903,40.729212,Displayed
2022-10-05 02:03:30+00:00,Bleecker Street Pizza,pizza stop 2,-74.003288,40.732136,Displayed
2022-10-05 14:13:18+00:00,Balthazar,a chocolate croissant,-73.998332,40.722686,Displayed
2022-10-05 14:27:20+00:00,Dominique Ansel Bakery,cherry cappuccino cronut,-74.002816,40.725365,Displayed
2022-10-05 17:18:34+00:00,Raku,,-73.986647,40.726601,Displayed
2022-10-05 22:47:01+00:00,JeJu Noodle Bar,a michelin star?,-74.007187,40.732819,Displayed
2022-10-06 00:31:16+00:00,Van Leeuwen Ice Cream,really large samples,-74.001453,40.73449,Displayed
2022-10-06 03:14:14+00:00,Comedy Cellar,comedy shows,-74.000385,40.730061,Displayed
2022-10-06 03:19:39+00:00,Joe's Pizza,,-74.001934,40.730496,Displayed
2022-10-06 04:24:03+00:00,The Dead Rabbit,,-74.010925,40.703069,Displayed
2022-10-06 22:22:41+00:00,Prince Street Pizza,classic,-73.994697,40.722826,Displayed
2022-10-06 23:02:33+00:00,Village Square Pizza,hot honey,-73.982637,40.727498,Displayed
2022-10-07 03:26:39+00:00,COTE Korean Steakhouse,$$$ beef,-73.991264,40.74137,Displayed
2022-10-07 13:29:41+00:00,Sadelle's,real life friends with tamlyn,-74.000185,40.726388,Displayed
2022-10-07 18:23:12+00:00,Xing Fu Tang,my 5th boba of the day,-73.987813,40.728596,Displayed
2022-10-07 23:04:08+00:00,The Metropolitan Museum of Art,really big and getting lost,-73.962978,40.779003,Displayed
2022-10-07 23:25:43+00:00,"Levain Bakery - Upper East Side, NYC",cookies,-73.955282,40.7773563,Displayed
2022-10-08 00:43:15+00:00,The Halal Guys,one bite,-73.9796567,40.7613275,Displayed
2022-10-08 03:50:13+00:00,Anytime Kitchen,very loud and drinks,-73.9866339,40.7478664,Displayed
2022-10-08 17:13:35+00:00,Yemen Café & Restaurant,getting free lamb soup on a cold day,-73.993759,40.690023,Displayed
2022-10-09 00:10:09+00:00,Rule of Thirds,,-73.9550983,40.7247637,Displayed
2022-10-09 03:20:45+00:00,Pete's Candy Store,,-73.950083,40.7183554,Displayed
2022-10-09 04:31:39+00:00,Prince Street Pizza,long lines past midnight,-73.9947155,40.7229538,Displayed
2022-10-09 19:53:56+00:00,ICHIRAN - Times Square,waiting in line and sitting next to the water,-73.9832133,40.760213,Displayed
2022-10-09 23:37:31+00:00,L'industrie Pizzeria,first brooklyn slice(s),-73.9577098,40.7116627,Displayed
2022-10-10 01:27:08+00:00,Domino Park,slides where Ryan falls on his butt,-73.9675373,40.7157038,Displayed
2022-10-10 03:35:20+00:00,Mr. Purple,rooftop bar,-73.9884396,40.7215517,Displayed
2022-10-10 16:07:54+00:00,Mei Lai Wah Bakery,your order will be ready in 0 minutes,-73.998123,40.715304,Displayed
2022-10-10 16:20:15+00:00,Xi'an Famous Foods,N1,-73.9973129,40.7151673,Displayed
2022-10-10 18:12:16+00:00,Taiyaki NYC,being allergic to taiyaki,-74.0007517,40.7188003,Displayed
2022-10-10 20:03:35+00:00,Scarr's Pizza,Cheese and hot honey,-73.9916674,40.7152813,Displayed
2022-10-10 21:42:05+00:00,Chelsea Market,,-74.0045697,40.742212,Displayed
2022-10-10 22:18:44+00:00,Pier 57,Nice free rooftop view,-74.0104565,40.7433955,Displayed
2022-10-10 22:19:01+00:00,Little Island,,-74.0104683,40.743405,Displayed
2022-10-11 00:15:14+00:00,Adel's Famous Halal Food,a really long line to supplant halal guys?,-73.980655,40.760105,Displayed
2022-10-11 01:15:01+00:00,Summit One Vanderbilt,the mirror dimension,-73.978584,40.75264,Displayed
2022-10-11 15:34:53+00:00,Clinton St. Baking Company,pop up for Ryan's favorite pancakes in the world,-73.9919626,40.7036918,Displayed
2022-10-11 15:42:38+00:00,Ess-a-Bagel Time Out Market New York,i don’t like cream cheese,-73.992023,40.703331,Displayed
2022-10-11 17:42:57+00:00,Russ & Daughters - Brooklyn,I didn't get anything but I feel like I should check in with the amount of samples I got,-73.9711651,40.6982968,Displayed
2022-10-15 05:26:13+00:00,Great America's Tricks and Treats,classic friday,-121.974083,37.399942,Displayed
2022-10-15 05:57:21+00:00,In-N-Out Burger,post friday night great america!,-121.982191,37.388052,Displayed
2022-10-17 02:24:44+00:00,Laka,post volleyball dinner!,-122.39341,37.601924,Displayed
2022-10-17 03:59:58+00:00,McDonald's,happy birthday alfred!,-122.398364,37.606488,Displayed
2022-10-19 19:51:51+00:00,Full Belly Deli- Truckee,dirka dirka,-120.180985,39.335788,Displayed
2022-10-20 02:08:22+00:00,Burger Me,post dinner trail hike,-120.191185,39.325503,Displayed
2022-10-20 02:46:43+00:00,Dairy Queen Grill & Chill,s tier,-120.208103,39.325804,Displayed
2022-10-20 21:11:10+00:00,La Mexicana,,-120.023226,39.236947,Displayed
2022-10-20 23:59:56+00:00,Tahoe Paddle and Oar,kayaking,-120.014933,39.231789,Displayed
2022-10-21 01:42:18+00:00,Wing's Korean Chicken,party platter!,-119.953477,39.249584,Displayed
2022-10-21 18:53:54+00:00,Cornerstone Bakery,chocolate toffee sea salt cookie,-120.185116,39.326744,Displayed
2022-10-21 21:29:23+00:00,DAD'S Sandwiches,not burgers,-121.493095,38.568983,Displayed
2022-10-21 22:13:58+00:00,Real Pie Company,jumbleberry pie,-121.481322,38.559187,Displayed
2022-10-21 23:48:01+00:00,LowBrau,spontaneous $2 beers with christian,-121.480423,38.575799,Displayed
2022-10-23 06:07:26+00:00,Dan Sung Sa,post six flags scare night,-122.267844,37.817179,Displayed
2022-10-23 19:55:23+00:00,In-N-Out Burger,post church lunch!,-122.382521,37.600804,Displayed
2022-10-26 02:25:26+00:00,Pocha K - Santa Clara,real life friends with hang,-121.966389,37.352063,Displayed
2022-10-29 20:41:55+00:00,Roadside BBQ,bmc retreat 2022!,-122.545309,38.004278,Displayed
2022-10-30 06:23:57+00:00,In-N-Out Burger,bmc retreat 2022,-122.554646,38.089365,Displayed
2022-10-30 20:43:50+00:00,Hook Fish at Proof Lab Beer Garden,post bmc retreat 2022 lunch!,-122.524118,37.882099,Displayed
2022-11-01 02:47:27+00:00,Lark Creek Grill,pre first class flight to SNA,-122.381865,37.617163,Displayed
2022-11-02 02:16:03+00:00,Oishi Shabu Shabu,ayce hot pot,-117.85197,33.668958,Displayed
2022-11-02 04:48:11+00:00,Orobae,am i asian now,-117.783571,33.706712,Displayed
2022-11-02 21:51:49+00:00,Tacos El Gordo,not exactly working,-117.089189,32.628998,Displayed
2022-11-02 22:57:15+00:00,Better Buzz Coffee Hillcrest,i dont drink coffee,-117.157102,32.748192,Displayed
2022-11-03 01:30:09+00:00,Pho Hoa,tbh i am not hungry,-117.092893,32.755728,Displayed
2022-11-04 00:38:01+00:00,Manna Heaven BBQ,not a 50 min wait,-117.147663,32.91301,Displayed
2022-11-04 21:45:51+00:00,The Taco Stand,always tacos,-117.293788,33.044068,Displayed
2022-11-05 00:43:45+00:00,Modern Times Beer,beer before we go,-117.206294,32.754173,Displayed
2022-11-05 01:19:14+00:00,Lucha Libre,burrito for the airport that i don’t really need,-117.181712,32.743239,Displayed
2022-11-05 03:16:43+00:00,Aspire Lounge,priority pass lounge before a 1st class flight back,-117.203803,32.732269,Displayed
2022-11-05 03:19:34+00:00,PGA Tour Grill,priority pass cocktial,-117.203729,32.732302,Displayed
2022-11-07 01:55:18+00:00,Great Eastern Restaurant,it’s been ages,-122.405988,37.796039,Displayed
2022-11-09 01:52:12+00:00,Taqueria El Metate,being real life friends with priscilla alain,-122.266811,37.521778,Displayed
2022-11-11 02:44:28+00:00,Pho To Chau999,sorry jeremy for being 30 min late,-122.079646,37.393925,Displayed
2022-11-11 03:56:29+00:00,Das Bierhauz - Mountain View,spontaneous drinks because it’s cold,-122.078294,37.394499,Displayed
2022-11-12 05:05:37+00:00,California's Great America,friday night great america,-121.974201,37.395736,Displayed
2022-11-13 20:53:46+00:00,Ben Tre Vietnamese Homestyle Cuisine,post church lunch!,-122.390116,37.600713,Displayed
2022-11-13 22:20:20+00:00,Sweet Indulgence,spontaneous dessert,-122.391629,37.600715,Displayed
2022-11-16 03:22:24+00:00,Oren's Hummus,pre black panther food,-122.078603,37.394776,Displayed
2022-11-17 03:24:43+00:00,Avenida Restaurant,allstate mates but wei instead of jonathan,-122.323195,37.565107,Displayed
2022-11-18 03:12:30+00:00,Tuna Kahuna,post going 5-0 with matt,-122.34582,37.579245,Displayed
2022-11-19 03:54:28+00:00,Kiss My Boba,taking forever to decide on dessert,-122.409616,37.618342,Displayed
2022-11-20 21:58:05+00:00,Ox 9 Lanzhou Handpulled Noodles,not eating at old town,-122.324451,37.567742,Displayed
2022-11-26 02:24:48+00:00,Gao Viet Kitchen & Bar - San Mateo,being real life friends with peter and priscilla,-122.323708,37.56416,Displayed
2022-11-26 03:42:29+00:00,TP TEA,not really a grand opening,-122.323818,37.563386,Displayed
2022-11-27 02:58:07+00:00,Taishoken - San Mateo,spontaneous dinner with hang,-122.324028,37.563349,Displayed
2022-11-27 21:17:15+00:00,In-N-Out Burger,post church lunch!,-122.38249,37.600824,Displayed
2022-12-01 05:34:26+00:00,In-N-Out Burger,post volleyball burger!,-122.469282,37.665909,Displayed
2022-12-03 02:13:53+00:00,Taqueria San Bruno,not really friendsgiving?,-122.411661,37.635355,Displayed
2022-12-06 01:07:46+00:00,SF Kebab,pre warriors game,-122.389945,37.767222,Displayed
2022-12-07 03:01:45+00:00,Mediterranean Kitchen,real life friends with hiroka,-122.345648,37.579156,Displayed
2022-12-09 02:44:13+00:00,Kizuna,cal kristen and ryan don’t go to south bay,-122.013523,37.308741,Displayed
2022-12-09 04:14:19+00:00,Hui Lau Shan,kristen’s favorite place in the world,-122.016684,37.32214,Displayed
2022-12-11 02:24:55+00:00,Shake Shack Hillsdale,because all the bowling alleys were closed,-122.301482,37.538437,Displayed
2022-12-11 21:09:14+00:00,Mazra,post church lunch!,-122.415573,37.629628,Displayed
2022-12-14 04:10:45+00:00,Pho Phu Quoc PPQ Beef Noodle House Restaurant,congrats on winning middle school basketball preston,-122.477589,37.763665,Displayed
2022-12-16 02:17:48+00:00,Gonutz with Donuts,mochi donuts for adam’s holiday event,-121.959439,37.531311,Displayed
2022-12-17 02:48:02+00:00,City Kebabs And Gyros,wow finally real life friends with kristen again,-122.471269,37.693166,Displayed
2022-12-17 08:27:16+00:00,Shari's Cafe and Pies,one whole marionberry pie for two and a very surprised waitress,-122.393713,37.593352,Displayed
2022-12-18 15:42:56+00:00,Lark Creek Grill,priority pass before newport family trip while watching the world cup final,-122.381537,37.617088,Displayed
2022-12-18 19:38:24+00:00,Oishi Shabu Shabu,newport family trip meal #1,-117.852331,33.668606,Displayed
2022-12-19 04:11:36+00:00,Chan Chan Food House,family newport meal #2,-117.783745,33.706488,Displayed
2022-12-19 04:30:15+00:00,Orobae,the only one who didn’t get a rising phoenix,-117.783623,33.706723,Displayed
2022-12-19 21:39:02+00:00,Brodard Restaurant,post parking lot adventures lunch,-117.955007,33.728816,Displayed
2022-12-21 01:12:08+00:00,Kenwood's Kitchen & Tap,i don’t want to work,-117.921603,33.672885,Displayed
2022-12-22 01:02:39+00:00,Blue Bowl Superfoods,pre basketball,-117.839214,33.649258,Displayed
2022-12-22 04:46:13+00:00,Noodle St,post cramping up at basketball,-117.771318,33.723227,Displayed
2022-12-22 22:01:25+00:00,Blue Bowl Superfoods,round 2,-117.839274,33.64924,Displayed
2022-12-24 01:33:06+00:00,Ramen Mura,because ayce sushi was too long of a line,-117.820369,33.73922,Displayed
2022-12-25 20:46:45+00:00,L&L Hawaiian Barbecue,post church christmas lunch!,-122.421175,37.639316,Displayed
2022-12-26 19:09:21+00:00,New Lun Ting Cafe,not getting pork chop,-122.4063,37.796103,Displayed
2022-12-27 02:55:54+00:00,Daeho Kalbijjim & Beef Soup,take out,-122.403303,37.787963,Displayed
2022-12-27 21:57:20+00:00,Hon's Wun-Tun House,it’s cold,-122.404529,37.794194,Displayed
2022-12-28 01:32:56+00:00,International Smoke,will we meet ayesha curry,-122.395925,37.791062,Displayed
2022-12-31 01:19:08+00:00,Lucky Strike San Francisco,failing at bowling multiple times and getting danny new shoes,-122.392083,37.778631,Displayed
2022-12-31 03:39:11+00:00,U :Dessert Story,lots of indecision and almost a crash,-122.43067,37.764407,Displayed
2023-01-01 02:11:16+00:00,Akagi Restaurant,last meal of the year in the middle of an atmospheric storm featuring kristen being able to re enter society,-122.416594,37.627461,Displayed
2023-01-01 04:37:49+00:00,Meet Fresh,they do have mango shave ice,-122.322291,37.565729,Displayed
2023-01-01 21:11:51+00:00,Social Eatery,post church lunch!,-122.386416,37.598098,Displayed
2023-01-03 02:04:00+00:00,Chase Center,last second game,-122.386724,37.767466,Displayed
2023-01-08 21:22:10+00:00,Noodles & Things - San Mateo,post church lunch!,-122.324747,37.564244,Displayed
2023-01-09 02:16:00+00:00,Pancho Villa Taqueria,post soccer dinner!,-122.321692,37.565051,Displayed
2023-01-10 06:29:55+00:00,In-N-Out Burger,post volleyball burger,-122.469242,37.665904,Displayed
2023-01-11 04:37:05+00:00,BJ's Restaurant & Brewhouse,tuesday pizookies because we have no power,-122.282883,37.560878,Displayed
2023-01-13 05:47:24+00:00,Lazy Dog,fresno experience,-119.791493,36.851211,Displayed
2023-01-14 02:39:37+00:00,Wahoo's Fish Tacos,fresno adventures,-119.734889,36.812473,Displayed
2023-01-14 19:39:17+00:00,Golden Harbor Buffet,uncle williams memorial,-119.851182,36.807187,Displayed
2023-01-15 21:14:06+00:00,Ben Tre Vietnamese Homestyle Cuisine,post church lunch!,-122.390222,37.600734,Displayed
2023-01-16 03:57:11+00:00,Marugame Udon,surviving the rain and a closed mall and not going to stick and steam. adventures!!,-122.476205,37.727596,Displayed
2023-01-16 20:08:50+00:00,Tasty Place,rip boaz,-122.40426,37.612929,Displayed
2023-01-16 23:13:40+00:00,TP TEA,not basketball,-122.323761,37.563378,Displayed
2023-01-21 03:33:55+00:00,Truffle Poké Bar,pre basketball food,-122.317854,37.555278,Displayed
2023-01-21 20:22:02+00:00,B Patisserie,long lines and a surprise joei sighting,-122.484705,37.74251,Displayed
2023-01-21 20:22:51+00:00,Kingdom Of Dumplings,this was not a long line,-122.484769,37.742581,Displayed
2023-01-22 21:29:48+00:00,Social Eatery,post church lunch!,-122.386515,37.598003,Displayed
2023-01-23 01:42:25+00:00,Jack's Restaurant & Bar,chinese new year but really it’s just watching the niners game,-122.420063,37.634392,Displayed
2023-01-25 03:12:15+00:00,Daeho Kalbijjim & Beef Soup,post basketball food,-122.323814,37.565991,Displayed
2023-01-28 04:01:32+00:00,Chick & Jajang,not a comedy club with albert,-122.482284,37.701158,Displayed
2023-01-28 05:13:47+00:00,Nation's Giant Hamburgers,a spontaneous whole pie,-122.482216,37.701641,Displayed
2023-01-28 21:14:04+00:00,Udon Mugizo - Mountain View,marisa wants udon!,-122.078998,37.394229,Displayed
2023-01-29 04:08:47+00:00,Bun Bo Hue An Nam,no pizzle but 4 #1s,-121.858229,37.328901,Displayed
2023-01-29 05:22:40+00:00,Marco Polo Italian Ice Cream,struggling to get to parking,-121.856471,37.33187,Displayed
2023-01-31 00:54:14+00:00,Heidi's Pies Restaurant,data engineering talk with jonathan,-122.310291,37.54899,Displayed
2023-01-31 03:49:37+00:00,Mendocino Farms,free hubert sandwiches but no hubert :(,-121.960615,37.387471,Displayed
2023-02-04 07:28:18+00:00,Tacos El Grullense,post basketball tacos,-122.225181,37.483934,Displayed
2023-02-04 20:46:22+00:00,DAMNFiNE pizza,pizza with steven a year afterwards,-122.49874,37.760894,Displayed
2023-02-05 03:16:00+00:00,Red Robin Gourmet Burgers and Brews,fulfilling caris’s dreams,-121.945824,37.394042,Displayed
2023-02-06 02:59:16+00:00,Cheung Hing Restaurant,sunday post bmc dinner!,-122.39048,37.600757,Displayed
2023-02-07 05:34:31+00:00,El Farolito,post volleyball food!!,-122.437314,37.721144,Displayed
2023-02-11 02:08:03+00:00,Shake Shack Stanford Shopping Center,pre volleyball dinner,-122.168203,37.443607,Displayed
2023-02-12 21:06:38+00:00,L&L Hawaiian Barbecue,post church lunch!,-122.381827,37.600386,Displayed
2023-02-15 03:57:01+00:00,Kunjip,happy birthday hubert!,-121.978739,37.345787,Displayed
2023-02-18 02:38:51+00:00,Chick & Jajang,delayed dinner with josh,-122.482251,37.701146,Displayed
2023-02-19 03:48:58+00:00,Amami Sushi Bistro,last minute weekend hangout but just marisa,-122.410212,37.620189,Displayed
2023-02-19 22:00:10+00:00,Red Robin Gourmet Burgers and Brews,post church lunch!,-122.419165,37.639032,Displayed
2023-02-20 20:32:08+00:00,Tacos El Grullense E&E,taco crawl stop #1,-122.200026,37.479961,Displayed
2023-02-20 21:16:26+00:00,El Taco Ranchero,taco crawl stop #2,-122.098724,37.421906,Displayed
2023-02-20 22:16:46+00:00,Speedy's Tacos,taco crawl stop #3,-122.003233,37.388609,Displayed
2023-02-20 22:46:26+00:00,Tacos El Noa Noa,taco crawl stop #4,-122.020721,37.373534,Displayed
2023-02-20 23:24:14+00:00,Taqueria Patzcuaro,taco crawl stop #5,-122.022707,37.36758,Displayed
2023-02-20 23:57:37+00:00,Margaritas Taqueria,taco crawl stop #6,-121.997217,37.338098,Displayed
2023-02-28 05:35:08+00:00,In-N-Out Burger,post volleyball food!,-122.469209,37.665956,Displayed
2023-03-01 01:54:10+00:00,Chase Center,2023-02-28 vs blazers,-122.387112,37.768281,Displayed
2023-03-02 02:45:22+00:00,Himawari,real life friends with ryan,-122.323713,37.565825,Displayed
2023-03-04 23:46:40+00:00,Lucca Delicatessen,real life friends with danny and peter,-122.438422,37.800638,Displayed
2023-03-05 21:10:08+00:00,In-N-Out Burger,post church lunch!,-122.382479,37.600847,Displayed
2023-03-06 03:07:41+00:00,Cheung Hing Restaurant,post fellowship sunday dinner!,-122.390499,37.600786,Displayed
2023-03-08 02:53:18+00:00,Mendocino Farms,small group pre creed3,-122.111163,37.403662,Displayed
2023-03-10 02:11:37+00:00,Andiamo In Banca,real life friends with hiroka again,-122.410284,37.655312,Displayed
2023-03-11 03:57:16+00:00,JangTu Restaurant,this is not great america,-122.006469,37.351632,Displayed
2023-03-12 01:11:41+00:00,The Wine Room,that guy feels very strongly about his wine opinions,-122.16181,37.445046,Displayed
2023-03-12 02:44:33+00:00,Zola + BarZola,we did not get escargot for jonathan,-122.160531,37.445276,Displayed
2023-03-12 20:00:27+00:00,Dumpling Era,post church lunch!,-122.410502,37.620498,Displayed
2023-03-15 01:53:52+00:00,Blue Line Pizza,dinner with alfred during a windy storm,-122.345909,37.579651,Displayed
2023-03-16 03:09:07+00:00,Mom's Tofu House,post basketball dinner with matt,-122.389056,37.599842,Displayed
2023-03-17 02:11:50+00:00,Dahab Restaurant & Cafe,dinner with hiroka that is less expensive than $95,-122.409965,37.64702,Displayed
2023-03-19 02:16:41+00:00,Dumpling Empire,this is not dumpling eta,-122.408652,37.654548,Displayed
2023-03-19 19:52:42+00:00,Chipotle Mexican Grill,post church lunch!,-122.390909,37.593746,Displayed
2023-03-20 01:10:40+00:00,Kunjip,hannah doesn’t go to kunjip twice in one week!!!,-121.978742,37.345837,Displayed
2023-03-20 02:45:44+00:00,Hui Lau Shan,this is hannah’s post kunjip dessert spot,-122.016757,37.322251,Displayed
2023-03-21 00:46:51+00:00,Avenida Restaurant,metaverse content analytics work offsite gesturing 15 dishes,-122.323208,37.565178,Displayed
2023-03-22 00:52:37+00:00,Broadway Grill,metaverse content de offsite dinner in a storm is filet mignon,-122.365986,37.584997,Displayed
2023-03-22 03:10:01+00:00,Pinstripes,metaverse content analytics bowling!,-122.301836,37.538871,Displayed
2023-03-23 00:51:43+00:00,Wildseed,walking past elizabeth and her friend,-122.158709,37.438114,Displayed
2023-03-23 18:58:31+00:00,Ippudo San Francisco,very lax day at gdc,-122.40448,37.786055,Displayed
2023-03-24 16:41:08+00:00,Shorehouse Kitchen,very tired people featuring caris and evelyn,-117.254762,32.853998,Displayed
2023-03-24 20:48:21+00:00,Wushiland Boba,second boba of the year!!,-117.21253,32.869835,Displayed
2023-03-25 00:17:17+00:00,Pacific Beach AleHouse,real life friends with alicia again!,-117.255402,32.794521,Displayed
2023-03-25 03:14:55+00:00,Waterbar San Diego,a second dinner that i probably did not need,-117.255835,32.793865,Displayed
2023-03-25 20:59:35+00:00,Raul's Shack,because the line for the taco stand was wayyy too long,-117.294296,33.04619,Displayed
2023-03-25 21:36:05+00:00,Agave Birrieria,driving around finding random taco spots,-117.293158,33.064621,Displayed
2023-03-25 22:11:51+00:00,Eat Crispy Burger Encinitas,this is my 3rd lunch,-117.293452,33.065768,Displayed
2023-03-26 07:02:42+00:00,Tacos El Gordo,post wedding tacos!,-117.160095,32.713482,Displayed
2023-03-26 20:15:10+00:00,Mazra,post church lunch!,-122.415511,37.629626,Displayed
2023-03-27 01:00:29+00:00,Taishoken - San Mateo,dinner on 2 hours of sleep!,-122.324124,37.563301,Displayed
2023-03-27 02:26:51+00:00,Somisomi,boaz and marisa got a forfeit win!,-122.323734,37.566643,Displayed
2023-03-28 01:38:25+00:00,Pho Ha Noi,this is a very very last second hangout,-122.032006,37.321473,Displayed
2023-03-30 04:39:46+00:00,In-N-Out Burger,post volleyball food!,-122.469206,37.665846,Displayed
2023-04-01 02:26:34+00:00,In-N-Out Burger,post basketball food with andre!,-122.38259,37.600751,Displayed
2023-04-01 21:29:33+00:00,Santo Market,why does their shoyu poke have nuts,-121.895126,37.351619,Displayed
2023-04-02 01:56:45+00:00,Back A Yard Caribbean Grill,dinner at hubert’s,-121.949643,37.292101,Displayed
2023-04-02 23:18:10+00:00,McDonald's,post volleyball food pre dinner,-122.398349,37.606521,Displayed
2023-04-03 01:54:51+00:00,Special Hainan Chicken,post being dead at mcdonald’s dinner,-122.392147,37.601818,Displayed
2023-04-06 05:28:08+00:00,In-N-Out Burger,post volleyball food!,-122.469225,37.665893,Displayed
2023-04-08 04:52:36+00:00,Artichoke Basille's Pizza,post good friday service pre tahoe drive pizza because i didn’t eat dinner,-122.263072,37.835136,Displayed
2023-04-08 20:00:01+00:00,The Lodge at Big Springs,snowboarding is hard,-120.125863,39.264317,Displayed
2023-04-09 04:08:15+00:00,Rosewood Tahoe,why does everything close so early,-119.950256,39.249949,Displayed
2023-04-11 03:54:23+00:00,Wing's Korean Chicken,post swimming food,-120.015066,39.230738,Displayed
2023-04-11 19:56:50+00:00,Lodgepole Cafe,post hitting my head really hard,-119.885561,39.328356,Displayed
2023-04-12 04:02:20+00:00,Azzara's Italian Restaurant,we did not make it by 8:30,-119.95109,39.2507,Displayed
2023-04-14 02:35:34+00:00,Quan Nem Ninh Hoa,post a drive with marisa asleep the entire time,-121.435168,38.508435,Displayed
2023-04-14 03:39:30+00:00,Gunther's Quality Ice Cream,is this a sac classic,-121.475628,38.553429,Displayed
2023-04-15 04:34:32+00:00,Red Robin Gourmet Burgers and Brews,3 baskets of fries each and being scared of one of the waiters,-121.94772,37.366783,Displayed
2023-04-15 20:34:37+00:00,Doppio Zero San Francisco,is this going to be a pizza crawl?,-122.422943,37.777024,Displayed
2023-04-15 21:51:19+00:00,Il Casaro Pizzeria & Mozzarella Bar - North Beach,this has turned into a pizza crawl,-122.407423,37.798412,Displayed
2023-04-15 23:07:32+00:00,Tony's Pizza Napoletana,stop 3 on the pizza crawl,-122.409095,37.800468,Displayed
2023-04-15 23:41:36+00:00,Caffe Greco,last stop for tiramisu,-122.408353,37.798909,Displayed
2023-04-16 20:57:16+00:00,Kaz Teriyaki Grill,post church lunch!,-122.322523,37.560805,Displayed
2023-04-17 00:15:44+00:00,Ben Tre Vietnamese Homestyle Cuisine,post cemetery dinner!,-122.412282,37.655865,Displayed
2023-04-20 01:02:14+00:00,White Elephant Restaurant,this not a light soupy food,-122.426653,37.642118,Displayed
2023-04-21 03:14:34+00:00,Pho 90 Degree - Milpitas,i did not get bun bo hue,-121.895392,37.414186,Displayed
2023-04-22 23:44:22+00:00,Denver Botanic Gardens,it’s kinda cold and snow is falling down my shirt,-105.009763,39.755618,Displayed
2023-04-23 00:47:58+00:00,Park Burger,i’ve been here before,-105.020052,39.762121,Displayed
2023-04-23 16:22:36+00:00,Linger,family trips means bottomless mimosas before hiking the rockies,-105.01122,39.759415,Displayed
2023-04-24 00:55:03+00:00,Avery Brewing,post hiking the rockies and post eating too many goldfish,-105.205385,40.062237,Displayed
2023-04-24 15:24:34+00:00,Prospereats,this woman in front of me is taking forever,-105.011523,39.758161,Displayed
2023-04-24 18:44:28+00:00,Xicamiti La Taquería Bistro,i definitely didn’t miss the exit multiple times,-105.224908,39.759862,Displayed
2023-04-27 23:18:47+00:00,Elway's,a surprise birthday dinner,-104.957416,39.71758,Displayed
2023-04-28 01:34:56+00:00,Congress Park Taproom,"here for the beer, the draft and watching my sports bets pan out",-104.940997,39.729796,Displayed
2023-04-28 18:49:44+00:00,Great Divide Barrel Bar,gotta go to breweries before leaving,-104.978902,39.770494,Displayed
2023-04-28 19:34:30+00:00,Blue Moon Brewing Company,another brewery before we leave,-104.976906,39.773703,Displayed
2023-04-28 20:53:33+00:00,Denver Biscuit Co. - Stanley Marketplace,hopefully this isn’t too spicy,-104.877501,39.752652,Displayed
2023-04-29 20:35:46+00:00,Maggie Smokehouse & Fried Chicken,saturday great america for the churro!!,-121.974259,37.395898,Displayed
2023-04-30 20:16:44+00:00,In-N-Out Burger,post church lunch!,-122.382492,37.600802,Displayed
2023-05-01 00:29:29+00:00,Garlic Mediterranean Grill,pre volleyball dinner!,-121.976191,37.338206,Displayed
2023-05-03 02:30:46+00:00,Dave's Hot Chicken,pre movie free slider!,-122.031878,37.366913,Displayed
2023-05-04 02:37:13+00:00,Ben Tre Vietnamese Homestyle Cuisine,first meet up with tim!,-122.390081,37.600599,Displayed
2023-05-06 02:56:05+00:00,Pocha K - Santa Clara,wow real life friends with joyce again! also hannah,-121.966558,37.352096,Displayed
2023-05-07 02:13:51+00:00,Epic Dumpling,post getting my free snacks at bevmo,-122.053555,37.372045,Displayed
2023-05-07 04:28:54+00:00,Hui Lau Shan,this was a long line but ty sherry for the table,-122.016632,37.322266,Displayed
2023-05-07 23:51:29+00:00,Rise Pizzeria - Burlingame,crown fellowship dinner!!,-122.349185,37.576923,Displayed
2023-05-08 02:17:12+00:00,One Piece Sushi,this is a mess ordering,-122.405385,37.613748,Displayed
2023-05-13 19:41:33+00:00,Saigon Oi,seeing priscilla’s new hood,-121.431077,38.501995,Displayed
2023-05-14 20:26:40+00:00,Mingalaba,post church lunch!,-122.34652,37.578924,Displayed
2023-05-16 01:57:21+00:00,Red Robin Gourmet Burgers and Brews,hiroka loves a birthday burger,-122.41934,37.639152,Displayed
2023-05-17 01:48:32+00:00,Krispy Kreme,it’s a birthday donut day,-121.970171,37.501317,Displayed
2023-05-18 02:06:51+00:00,Ultra Sushi,happy birthday but everything is cursed and sick,-122.322867,37.565064,Displayed
2023-05-19 01:44:20+00:00,Mom’s Tofu,this is a may birthday celebration with kristen lee x2,-122.413044,37.655787,Displayed
2023-05-19 04:18:11+00:00,BJ's Restaurant & Brewhouse,thursday(?) pizookies and chips and guacamole!,-122.41898,37.635586,Displayed
2023-05-21 02:00:51+00:00,Pho Huynh Hiep - Kevin’s Noodle House,everyone is single so everyone has time,-122.481446,37.697989,Displayed
2023-05-21 04:09:45+00:00,Krispy Kreme,more free birthday donuts!,-122.471647,37.688679,Displayed
2023-05-22 03:46:15+00:00,Lazy Dog Restaurant & Bar,a potential farewell dinner,-122.006093,37.525708,Displayed
2023-05-23 02:20:52+00:00,Leichi,"happy birthday evelyn featuring a very, very, very deep voice belonging to an 80 year old smoker and or awkwafina",-121.966838,37.329712,Displayed
2023-05-24 02:53:33+00:00,Zadna Grill,small group dinner,-122.234152,37.486112,Displayed
2023-05-25 01:32:18+00:00,Pacific Catch,happy birthday dinner to get a free bowl,-122.322643,37.565976,Displayed
2023-05-25 03:11:09+00:00,Meet Fresh,fighting for the check,-122.322287,37.565597,Displayed
2023-05-26 20:02:47+00:00,Lokal Sandwich Shop,elizabeth and i have no idea what to do this weekend,-118.411895,34.029048,Displayed
2023-05-27 02:29:20+00:00,Mian,these chairs are very uncomfortable,-118.357413,34.032618,Displayed
2023-05-27 04:28:54+00:00,Ginger’s Divine Ice Creams,a double scoop is much more than an individual person needs,-118.431182,33.996567,Displayed
2023-05-27 06:34:46+00:00,El Primo Tacos,i haven’t been here in 6 years,-118.462113,33.9987,Displayed
2023-05-27 21:01:20+00:00,Bang Bang Noodles,saying bang bang during someone’s video ft joyce,-118.394034,34.024843,Displayed
2023-05-28 04:32:33+00:00,Purgatory Pizza,this did not take us forever to decide at all,-118.225768,34.047486,Displayed
2023-05-28 05:38:36+00:00,The Mandrake Bar,parking was super easy,-118.376089,34.033844,Displayed
2023-05-28 07:12:58+00:00,Apt 200 LA,i definitely got in off the list,-118.357734,34.090784,Displayed
2023-05-28 07:44:57+00:00,Avenue 26 Tacos,i did not realize they had 7 meats now,-118.238428,34.043531,Displayed
2023-05-28 21:06:24+00:00,Mano Po,i am tired and my ankle really hurts,-118.241246,34.035466,Displayed
2023-05-29 00:34:46+00:00,Wi Spa,this feels like a cult,-118.282741,34.060672,Displayed
2023-05-29 06:23:30+00:00,BCD Tofu House,being 35th in line at 11pm,-118.302645,34.062194,Displayed
2023-05-29 20:56:36+00:00,Blue Bowl Superfoods,i got taken to the back,-118.144862,33.829484,Displayed
2023-05-30 00:15:13+00:00,Hug Life Ice Cream,christian and elizabeth and fully matching outfits,-118.159791,33.771809,Displayed
2023-05-30 01:38:28+00:00,The Garage on Motor Ave,boston vs miami g7 but needing to rush to the airport soon,-118.410009,34.027653,Displayed
2023-05-30 04:02:43+00:00,Magpies Softserve,i didn’t know there was gonna be pie here,-118.271908,34.106902,Displayed
2023-06-03 01:57:24+00:00,Shugetsu,takeout before parasite,-122.282697,37.542702,Displayed
2023-06-03 20:05:23+00:00,Poke One,lunch with boaz pre decorations for ***********,-122.42078,37.639584,Displayed
2023-06-04 20:59:09+00:00,Maverick Jack's Burlingame,post church lunch!,-122.363033,37.587543,Displayed
2023-06-07 01:48:03+00:00,La Cocina de la Abuela,small group dinner,-122.232072,37.486611,Displayed
2023-06-09 00:41:58+00:00,Mendocino Farms,hannah found a bogo deal,-122.110988,37.403613,Displayed
2023-06-09 02:01:25+00:00,Chick-fil-A,hannah says this is not a good crawl,-122.038432,37.369092,Displayed
2023-06-10 02:08:15+00:00,Jang Mo Jip,alfred came back from korea to eat korean food here,-121.983197,37.352136,Displayed
2023-06-10 05:29:51+00:00,Sunnyvale Golfland USA,i am not good at mini golf,-122.017283,37.356116,Displayed
2023-06-10 19:37:41+00:00,Mom’s Tofu,kristen is very hungry!!,-122.413082,37.65576,Displayed
2023-06-11 02:57:25+00:00,Kaz Teriyaki Grill,this didn’t take forever to choose,-122.331362,37.579694,Displayed
2023-06-11 19:54:59+00:00,Special Hainan Chicken,post church lunch!,-122.392095,37.601816,Displayed
2023-06-12 03:04:56+00:00,El Farolito,post peoples baptisms dinner,-122.429021,37.660671,Displayed
2023-06-13 05:05:35+00:00,McDonald's,post crown dinner!,-122.476338,37.726418,Displayed
2023-06-15 01:03:52+00:00,Han Sang,all the pictures are exactly the same,-122.392848,37.602037,Displayed
2023-06-16 01:17:15+00:00,Red Hot Wok,dinner with caris!,-122.13596,37.42017,Displayed
2023-06-17 17:00:54+00:00,Verve Coffee Roasters,leaving the first one because nadia really needs a bowl of soul,-122.026545,36.976224,Displayed
2023-06-17 19:32:38+00:00,Samba Rock Acai Cafe,this is not a sandwich,-122.022443,36.979416,Displayed
2023-06-18 00:00:36+00:00,Stagnaro Brothers,is this the best clam chowder,-122.017748,36.958283,Displayed
2023-06-18 02:26:29+00:00,Poké House - Santa Cruz,this is a fat bowl,-122.026756,36.976112,Displayed
2023-06-18 04:13:30+00:00,Pacific Cookie Company,this is not pennys,-122.02585,36.972982,Displayed
2023-06-18 05:07:44+00:00,Marianne's Ice Cream,this is also not pennys,-122.021851,36.981986,Displayed
2023-06-18 20:11:50+00:00,Takahashi Market,post church lunch!,-122.320806,37.56708,Displayed
2023-06-19 17:57:40+00:00,Cheung Hing,juneteenth family celebration,-122.274818,37.521807,Displayed
2023-06-21 02:10:12+00:00,Go Fish Poke Bar,small group dinner!,-122.22999,37.48601,Displayed
2023-06-25 20:31:46+00:00,Ben Tre Vietnamese Homestyle Cuisine,post church lunch!,-122.39016,37.600674,Displayed
2023-06-26 00:36:58+00:00,Espetus - San Mateo,happy birthday father,-122.319265,37.562269,Displayed
2023-06-28 01:08:39+00:00,Saltyard,mv content de offsite q3 2023!,-122.346387,37.579779,Displayed
2023-06-28 19:54:51+00:00,Ramen Nagi,randomly dropping everything to get ramen nagi for lunch at work,-122.161044,37.445401,Displayed
2023-06-29 02:46:52+00:00,Ox 9 Lanzhou Handpulled Noodles,how do you play the melódica,-122.324342,37.567614,Displayed
2023-07-02 20:08:10+00:00,Mazra,post church lunc! ft alex and jess,-122.41552,37.62958,Displayed
2023-07-03 00:50:22+00:00,DASH Japanese Tapas & Sushi,another japanese restaurant in san mateo,-122.323465,37.565839,Displayed
2023-07-07 02:18:16+00:00,Chick-fil-A,small group dinner but their parking lot is really bad,-122.235678,37.494149,Displayed
2023-07-08 02:48:51+00:00,Blaze Pizza,crown fellowship dinner,-122.476302,37.727918,Displayed
2023-07-09 20:28:33+00:00,New Thai Elephant,post church lunch!,-122.323323,37.566224,Displayed
2023-07-12 05:50:39+00:00,In-N-Out Burger,post movie food!,-122.093174,37.420959,Displayed
2023-07-13 02:57:27+00:00,Mom’s Tofu,how do you do fb ads,-122.413068,37.655737,Displayed
2023-07-14 00:43:52+00:00,Sapporo Rock-N-Roll Sushi Restaurant,ron is all for the value,-122.306045,37.544503,Displayed
2023-07-14 02:48:53+00:00,Fieldwork Brewing Company,stouts,-122.298935,37.541261,Displayed
2023-07-15 01:46:21+00:00,Dish N Dash - Sunnyvale,potentially depressing talks,-122.028823,37.394355,Displayed
2023-07-15 04:30:08+00:00,Hui Lau Shan,jumbo jumbo jumbo,-122.017946,37.321691,Displayed
2023-07-16 20:27:37+00:00,Pizza My Heart,,-122.322609,37.563677,Displayed
2023-07-17 03:54:45+00:00,Taqueria Las Pencas 2,post volleyball food,-122.325698,37.568353,Displayed
2023-07-19 02:50:22+00:00,Rooster & Rice,this micro food hall is confusing. also this is not small group,-122.094043,37.390492,Displayed
2023-07-21 01:19:02+00:00,Pho de Nguyen,this is hiroka before she moves,-122.411042,37.62614,Displayed
2023-07-21 18:26:50+00:00,HKR Andy's Restaurant,post cemetery lunch,-122.452089,37.665511,Displayed
2023-07-23 00:39:01+00:00,Naan Point,spontaneous oppenheimer viewing,-122.42554,37.626602,Displayed
2023-07-23 05:50:59+00:00,In-N-Out Burger,post oppenheimer!!,-122.382559,37.600792,Displayed
2023-07-23 20:24:05+00:00,Curry Hyuga,post church lunch!,-122.364876,37.586285,Displayed
2023-07-24 00:29:02+00:00,Somisomi,hopefully not exploding,-122.323875,37.56662,Displayed
2023-07-24 03:33:03+00:00,Amami Sushi Bistro,this was a value decision,-122.410237,37.620184,Displayed
2023-07-26 06:52:18+00:00,In-N-Out Burger,post crown fooood,-122.469315,37.665854,Displayed
2023-07-27 02:20:40+00:00,Kunjip,nadia has jetlag,-121.978681,37.34581,Displayed
2023-07-27 03:44:10+00:00,Sul & Beans,nadia is dying,-122.010497,37.32471,Displayed
2023-07-28 02:08:24+00:00,State Of Mind Slice House,small group dinner,-122.131316,37.417163,Displayed
2023-07-29 06:27:55+00:00,Sushirrito,post great america/taylor swift,-122.094084,37.390491,Displayed
2023-07-29 20:57:40+00:00,Red Robin Gourmet Burgers and Brews,post volleyball watching,-122.419372,37.639134,Displayed
2023-07-30 20:20:59+00:00,Diamond Head General Store,post church lunch but the line is too crazy,-122.40935,37.618982,Displayed
2023-08-02 03:06:07+00:00,Marufuku Ramen - Redwood City,i don’t wanna watch barbie or go to marufuku,-122.229024,37.486114,Displayed
2023-08-12 00:32:49+00:00,wonderful,goodbye hiroka,-122.391691,37.600653,Displayed
2023-08-13 02:46:05+00:00,Manna,after getting a ton of snacks at bevmo. also it is much colder in the city,-122.467234,37.763862,Displayed
2023-08-14 03:18:01+00:00,Ben Tre Vietnamese Homestyle Cuisine,"congrats on the engagement kristen, goodbye timothy and happy birthday uncle george",-122.390371,37.600452,Displayed
2023-08-15 01:44:28+00:00,Poke One,alfred keeps paying for dinner,-122.42085,37.639709,Displayed
2023-08-16 01:45:45+00:00,Kajiken,pre oppenheimer v2,-122.324372,37.566775,Displayed
2023-08-16 02:45:40+00:00,Antoine's Cookie Shop,pre movie cookie run,-122.323431,37.565963,Displayed
2023-08-17 04:43:34+00:00,McDonald's,will i get my order?,-122.471309,37.692007,Displayed
2023-08-20 00:21:10+00:00,Auntie Anne’s,bogo,-122.470877,37.671191,Displayed
2023-08-20 03:02:14+00:00,Pho Huynh Hiep - Kevin’s Noodle House,marisa learns about ww2,-122.481604,37.698093,Displayed
2023-08-20 21:15:33+00:00,Noodleosophy,post church lunch!,-122.38642,37.598098,Displayed
2023-08-21 03:42:32+00:00,Kajiken,post pickleball dinner,-122.324009,37.566792,Displayed
2023-08-22 02:10:25+00:00,Acai R,kristen is trying everything,-122.453739,37.723446,Displayed
2023-08-22 04:55:46+00:00,Beep’s Burgers,i am not hungry but kristen convinced me to go here,-122.453948,37.723315,Displayed
2023-08-23 02:19:50+00:00,IHOP,ayce pancakes as a a celebration for not having covid,-122.234957,37.495431,Displayed
2023-08-24 04:37:46+00:00,In-N-Out Burger,post volleyball food!! thank you tim for deciding my food,-122.469269,37.665948,Displayed
2023-08-26 20:38:11+00:00,Ebiko,post waffle party sushi!,-122.260265,37.844822,Displayed
2023-08-27 03:23:01+00:00,Pho Ha Noi,why do tires go flat,-122.162956,37.444705,Displayed
2023-08-27 04:55:21+00:00,Palo Alto Creamery,i have 3 whole pies at home,-122.161714,37.443963,Displayed
2023-08-28 01:52:55+00:00,Superhot Hotpot & Korean BBQ,happy birthday jonathan and goodbye hiroka,-122.07805,37.393288,Displayed
2023-08-31 02:05:48+00:00,4505 Burgers & BBQ - San Francisco,goodbye hiroka :(,-122.437986,37.776105,Displayed
2023-09-01 01:40:14+00:00,Doppio Zero San Carlos,only pizza meetups with steven,-122.260752,37.50621,Displayed
2023-09-02 01:01:13+00:00,Din Ding Dumpling House,reunión with brad and amos,-122.022822,37.589352,Displayed
2023-09-03 02:42:12+00:00,San Tung,coming back repeatedly for takeout,-122.468968,37.763739,Displayed
2023-09-03 18:49:30+00:00,Habit Burger & Grill,post church lunch!,-122.386351,37.596536,Displayed
2023-09-04 00:41:18+00:00,Jack's Restaurant & Bar,happy birthday auntie nina,-122.31342,37.551227,Displayed
2023-09-06 04:28:19+00:00,BJ's Restaurant & Brewhouse,tuesday are half off wine,-122.282763,37.560927,Displayed
2023-09-07 02:21:26+00:00,New Mongolian BBQ,i have returned for (new) mongolian bbq,-122.080086,37.392435,Displayed
2023-09-08 03:28:46+00:00,Taishoken - San Mateo,nadia wants to hangout last second,-122.324035,37.563302,Displayed
2023-09-08 05:02:26+00:00,Dessert Republic,nadia is trying to kill me,-122.323451,37.566921,Displayed
2023-09-09 02:31:36+00:00,"sweetgreen - Healthy Salads, Bowls and Plates",post watching jv football games,-122.035398,37.368408,Displayed
2023-09-10 03:02:04+00:00,Tanto Japanese Restaurant,happy birthday marisa,-122.004231,37.35259,Displayed
2023-09-10 19:59:05+00:00,McDonald's,post church lunch!,-122.397966,37.606476,Displayed
2023-09-11 00:38:10+00:00,Kunjip,kunjip hannah sighting,-121.978767,37.345842,Displayed
2023-09-11 02:00:36+00:00,Hui Lau Shan,every meet up with hannah is the same!,-122.01665,37.32223,Displayed
2023-09-12 07:03:13+00:00,In-N-Out Burger,post witnessing a car crash :((,-122.469275,37.665857,Displayed
2023-09-13 01:46:08+00:00,House Of Pancakes,pre imax oppenheimer (#3),-122.476353,37.742833,Displayed
2023-09-15 03:52:43+00:00,Applebee's Grill + Bar,bottomless wings and fries!!,-121.975844,37.316712,Displayed
2023-09-16 20:07:36+00:00,Mi Gusto Es Mexican Restaurant,pre bonfante gardens,-121.578234,37.013691,Displayed
2023-09-17 02:20:14+00:00,Bun Bo Hue An Nam,that mushroom ride at gilroy gardens was taxing,-121.85822,37.328891,Displayed
2023-09-17 04:06:51+00:00,Dairy Queen Grill & Chill,everyone is crazy for 85 cent blizzards,-121.950033,37.282378,Displayed
2023-09-19 02:43:05+00:00,Lazy Dog Restaurant & Bar,nadia drives on the wrong side of the road,-122.283111,37.560505,Displayed
2023-09-21 04:53:49+00:00,Applebee's Grill + Bar,all you can eat wings once again,-121.975974,37.31654,Displayed
2023-09-23 03:17:05+00:00,Danbi Korean Restaurant,i failed to escape,-121.9051,37.356039,Displayed
2023-09-24 01:59:43+00:00,Red Robin Gourmet Burgers and Brews,happy birthday burger for marisa,-122.419128,37.639098,Displayed
2023-09-24 06:03:56+00:00,Krispy Kreme,happy birthday marisa donuts,-122.471566,37.688661,Displayed
2023-09-24 19:48:49+00:00,Chipotle Mexican Grill,lost church lunch!,-122.386304,37.596637,Displayed
2023-09-25 01:53:00+00:00,Ramen Parlor,i don’t play pickleball,-122.317791,37.561725,Displayed
2023-09-25 03:08:32+00:00,Meet Fresh,nadia likes noses,-122.32212,37.565613,Displayed
2023-09-26 01:01:51+00:00,Mokutanya,this restaurant is indeed dark and intimate for a work dinner,-122.363074,37.587193,Displayed
2023-09-27 02:47:20+00:00,Zareen's,sitting in the middle means you can smell everything,-122.14417,37.426832,Displayed
2023-09-27 23:50:15+00:00,Devil's Canyon Brewing Company,metaverse analytics happy hour!,-122.244492,37.498324,Displayed
2023-09-28 02:18:16+00:00,Pausa Bar & Cookery,mv content offsite!,-122.321926,37.564729,Displayed
2023-09-29 00:58:18+00:00,Topgolf,mv content offsite!!,-121.968833,37.423326,Displayed
2023-09-30 03:33:15+00:00,Pacific Catch,i am not good at tennis,-122.322682,37.565935,Displayed
2023-09-30 19:19:11+00:00,Nonni's Bistro,bottomless mimosas!!,-121.876382,37.659926,Displayed
2023-09-30 23:09:34+00:00,Meadowlark Dairy,post bottomless mimosas!!!,-121.876587,37.658944,Displayed
2023-10-01 20:18:07+00:00,Little Lucca,post church lunch!,-122.384463,37.594086,Displayed
2023-10-05 02:39:22+00:00,Costco Food Court,failing to pick up snacks for retreat,-122.448639,37.664866,Displayed
2023-10-06 02:55:43+00:00,Mom’s Tofu,post trying to thrift but not really,-122.413066,37.655758,Displayed
2023-10-07 00:00:59+00:00,Poké House - San Mateo,i left on time and nadia was late,-122.291536,37.544535,Displayed
2023-10-10 01:41:09+00:00,Sushi Toni,pre tate mcrae food,-122.409416,37.79035,Displayed
2023-10-11 00:55:32+00:00,Galpão Gaucho Brazilian Steakhouse,happy birthday kristen,-122.019191,37.322729,Displayed
2023-10-12 01:53:53+00:00,Centro Pizza,watching the diamondbacks go yard repeatedly,-122.365747,37.585229,Displayed
2023-10-16 00:27:58+00:00,Matcha Cafe Maiko,post bmc retreat 2023 matcha ice cream that kristen has been craving,-122.476753,37.727793,Displayed
2023-10-20 01:18:57+00:00,Capelo's Barbecue,long awaited small group dinner,-122.211613,37.477167,Displayed
2023-10-21 02:31:00+00:00,Pho Kim Long,pre hangs thrifty party,-121.8867,37.406968,Displayed
2023-10-22 02:18:00+00:00,Ultra Sushi,i did not make jam,-122.322787,37.565007,Displayed
2023-10-22 20:34:37+00:00,Yuanbao Jiaozi,post church lunch!,-122.385301,37.594733,Displayed
2023-10-23 00:12:40+00:00,Chicha San Chen,this was a very long line and hubert’s drink was not good,-122.034718,37.32256,Displayed
2023-10-23 02:33:42+00:00,Kunjip,cyrus and jocelyn are here too!!!,-121.978718,37.345804,Displayed
2023-10-25 01:15:04+00:00,Chase Center,happy opening night,-122.386612,37.767566,Displayed
2023-10-28 00:26:28+00:00,Shihlin Taiwan Street Snacks,kristen is not hungry because she ate everything at the office,-122.323759,37.564438,Displayed
2023-10-28 20:51:59+00:00,Mumu Hot Pot,i did not know foster city got an upgrade post 2015,-122.267839,37.559255,Displayed
2023-10-29 02:51:43+00:00,Yummy Tofu and BBQ,i did not play mahjong,-121.980198,37.300278,Displayed
2023-10-29 20:19:53+00:00,In-N-Out Burger,post church lunch!,-122.382591,37.60089,Displayed
2023-10-30 02:13:37+00:00,Old Town Sushi,last post volleyball dinner of the year,-122.324061,37.566981,Displayed
2023-11-01 00:50:43+00:00,Popeyes Louisiana Kitchen,it’s a halloween meal,-122.42269,37.640367,Displayed
2023-11-03 02:11:49+00:00,Chuan Chim Thai Cuisine,alfred doesn’t want khao soi,-122.26779,37.559375,Displayed
2023-11-04 17:13:26+00:00,Surisan,will my car get broken into??? let’s see!!,-122.417399,37.807075,Displayed
2023-11-04 21:02:20+00:00,Arsicault Bakery,they have no chocolate croissants and that makes me sad,-122.459186,37.783371,Displayed
2023-11-05 02:14:30+00:00,Han Il Kwan,the waiting area was kind of a wind tunnel,-122.478251,37.7768,Displayed
2023-11-05 21:13:43+00:00,Habit Burger & Grill,post church lunch!,-122.386637,37.59671,Displayed
2023-11-06 00:59:53+00:00,Ben Tre Vietnamese Homestyle Cuisine,happy birthday kameron,-122.412373,37.655695,Displayed
2023-11-07 02:02:38+00:00,Big Mouth Burgers,kristen and i haven’t been here since 2020,-122.427097,37.626359,Displayed
2023-11-09 05:37:36+00:00,McDonald's,two big macs and touching the ceiling,-122.469875,37.668733,Displayed
2023-11-11 00:15:12+00:00,Sakesan Sushi & Robata,it’s happy hour!!,-122.457389,37.724385,Displayed
2023-11-11 02:21:30+00:00,A Buttercup Dessert House,,-122.420758,37.75384,Displayed
2023-11-12 04:17:35+00:00,Kunjip,happy birthday nadia,-121.978746,37.345817,Displayed
2023-11-12 21:47:20+00:00,Mazra,post church lunch with some surprises!!,-122.415472,37.629568,Displayed
2023-11-14 02:45:12+00:00,Pranzi,happy birthday nadia,-122.258302,37.504335,Displayed
2023-11-14 04:51:50+00:00,Gelataio,nadia has drank too much,-122.260339,37.505633,Displayed
2023-11-15 02:38:22+00:00,Chase Center,why is steph not playing,-122.386672,37.767624,Displayed
2023-11-16 05:42:44+00:00,McDonald's,post volleyball food,-122.469881,37.668713,Displayed
2023-11-18 04:15:31+00:00,Gochi - Mountain View,beef tongue adventures,-122.098083,37.393361,Displayed
2023-11-18 06:08:06+00:00,Meet Fresh,i always see people here,-122.322259,37.565767,Displayed
2023-11-19 21:57:17+00:00,Zhangliang Malatang,post church lunch!,-122.323599,37.566655,Displayed
2023-11-20 01:42:45+00:00,Cheung Hing Restaurant,char siu is an entree but so is chow mein,-122.390501,37.600805,Displayed
2023-11-21 02:23:47+00:00,Burma Love,i think i accidentally stood hannah up whoops,-122.186239,37.455291,Displayed
2023-11-22 07:36:57+00:00,In-N-Out Burger,i am hungry post hunger games,-122.093235,37.420904,Displayed
2023-11-23 05:40:44+00:00,McDonald's,post volleyball food,-122.469827,37.668748,Displayed
2023-11-24 21:30:20+00:00,Vesta,my toe is purple,-122.226898,37.486705,Displayed
2023-11-25 03:36:58+00:00,Oh Baby Sushi,my toe is still purple,-122.241107,37.466077,Displayed
2023-11-26 03:28:22+00:00,HiroNori Craft Ramen,real life friends with alicia again,-122.322862,37.565135,Displayed
2023-11-26 04:26:04+00:00,Fogbird,this is not a very light place,-122.323581,37.566562,Displayed
2023-11-26 21:19:39+00:00,La Petite Camille,post church lunch!,-122.388637,37.600065,Displayed
2023-11-27 00:30:57+00:00,Copenhagen Bakery & Cafe,kristen’s i’ll be forever online because of free cake,-122.346805,37.579157,Displayed
2023-11-27 01:47:53+00:00,Mom's Tofu House,i’m backkkk,-122.388945,37.599771,Displayed
2023-11-29 02:22:42+00:00,Million Thai Restaurant,pre jeremy zucker!,-122.411233,37.785755,Displayed
2023-11-30 05:39:52+00:00,El Farolito,post volleyball burritos!,-122.437209,37.721175,Displayed
2023-12-01 02:59:55+00:00,Chase Center,"happy klay, steph, dray day. 11.30.23",-122.387377,37.768105,Displayed
2023-12-02 03:38:49+00:00,Mokutanya,this place is somehow darker than i remember,-122.363129,37.5869,Displayed
2023-12-03 01:49:15+00:00,Alexander's Steakhouse,it might be nadia’s birthday again. also we’re underdressed,-122.009792,37.323344,Displayed
2023-12-03 21:19:16+00:00,Social Eatery,post church lunch! jess keeps coming when kristen is gone,-122.386397,37.598078,Displayed
2023-12-04 01:46:04+00:00,Daeho Kalbijjim & Beef Soup,happy birthday mom!,-122.323804,37.566076,Displayed
2023-12-05 02:49:21+00:00,Jeffrey's Hamburgers,a san mateo classic where i cant find the bathroom,-122.324374,37.566992,Displayed
2023-12-09 03:34:41+00:00,Banana Island,banana something,-122.483287,37.699763,Displayed
2023-12-09 06:22:37+00:00,Sweethoney Dessert,dollar tree cups,-122.469554,37.67788,Displayed
2023-12-10 21:17:48+00:00,IPOH Garden Malaysian Cuisine,post church lunch!,-122.387868,37.599353,Displayed
2023-12-12 04:42:11+00:00,Pine & Crane,elizabeth is in 3d,-118.277123,34.090518,Displayed
2023-12-12 06:26:44+00:00,Jeni's Splendid Ice Creams,gingers was closed,-118.287271,34.106707,Displayed
2023-12-13 02:26:04+00:00,Kagura - Torrance,joyce has written a yelp review here before,-118.314208,33.831543,Displayed
2023-12-13 08:07:11+00:00,Avenue 26 Tacos,one of each as always,-118.238452,34.043865,Displayed
2023-12-14 02:54:44+00:00,Torigoya,seeing kody in socal,-118.242155,34.050032,Displayed
2023-12-14 04:06:51+00:00,Somisomi,did you know that their custard only has coconut,-118.240816,34.048919,Displayed
2023-12-15 02:25:03+00:00,Amami San Sushi,happy birthday mom. also not getting the lovers boat,-122.409891,37.655706,Displayed
2023-12-16 04:57:20+00:00,Great America's Winterfest,last friday night great america of the year?,-121.974101,37.395653,Displayed
2023-12-17 21:06:13+00:00,Naan Point,post (virtual) church lunch!,-122.425511,37.62659,Displayed
2023-12-19 02:24:36+00:00,Happy Lamb Hot Pot,a reunion with preston,-122.323439,37.565576,Displayed
2023-12-20 01:55:14+00:00,Kajiken,pre godzilla minus one dinner,-122.324003,37.566788,Displayed
2023-12-23 17:21:36+00:00,Backhaus - Burlingame,hi peter and priscilla,-122.344966,37.579285,Displayed
2023-12-24 21:53:16+00:00,Tacos El Ranchito Truck,post church lunch!,-122.415319,37.626411,Displayed
2023-12-25 01:38:04+00:00,Grand Palace Seafood Restaurant 富源酒家,merry christmas eve,-122.411518,37.6552,Displayed
2023-12-27 02:12:17+00:00,Moo Bong Ri,moo. bong. ri,-122.00002,37.351277,Displayed
2023-12-27 04:14:48+00:00,Sul & Beans,,-122.010599,37.324274,Displayed
2023-12-27 19:50:11+00:00,Millbrae Pancake House,nobody knows what to order,-122.400444,37.608375,Displayed
2023-12-28 02:25:46+00:00,Yuanbao Jiaozi,dumplings,-122.385456,37.594875,Displayed
2023-12-30 03:13:40+00:00,Rise Pizzeria - Burlingame,it is raining,-122.349197,37.57689,Displayed
2023-12-31 05:13:31+00:00,California's Great America,last great america for awhile :(,-121.97266,37.394164,Displayed
2023-12-31 07:12:45+00:00,Pho Mai,last 2023 post great america food,-121.876221,37.415252,Displayed
2023-12-31 21:48:24+00:00,Perilla,post church lunch featuring kody!,-122.466993,37.764058,Displayed
2024-01-03 02:08:53+00:00,Mrs Khan Uyghur Cuisine,hello amos,-122.184489,37.452105,Displayed
2024-01-05 02:58:22+00:00,Chase Center,warriors vs nuggets - 1/4/23,-122.387043,37.768262,Displayed
2024-01-06 02:32:02+00:00,Mumu Hot Pot,,-122.267828,37.55922,Displayed
2024-01-07 03:02:31+00:00,Pho Phu Quoc PPQ Beef Noodle House Restaurant,congrats on becoming an eagle scout andrew!,-122.477623,37.76369,Displayed
2024-01-07 20:55:47+00:00,L&L Hawaiian Barbecue,post church lunch!,-122.38189,37.600421,Displayed
2024-01-09 03:27:57+00:00,Noma Sushi,sprinting makes me feel like imma die,-122.311047,37.554725,Displayed
2024-01-09 05:02:48+00:00,Sweet Moment,,-122.324063,37.564611,Displayed
2024-01-10 04:45:04+00:00,Marufuku Ramen - Redwood City,post trolls 3 dinner,-122.229007,37.485723,Displayed
2024-01-11 02:47:16+00:00,Chase Center,warriors vs pelicans 2024-01-10,-122.38727,37.768143,Displayed
2024-01-11 04:17:22+00:00,House of Tadu Ethiopian Kitchen,post the warriors getting smacked,-122.391401,37.77388,Displayed
2024-01-13 03:03:07+00:00,Mumu Hot Pot,apparently i always come here now,-122.267921,37.559172,Displayed
2024-01-13 19:42:10+00:00,Bo Ne Phu Yen,why is this wait so long,-121.823117,37.32188,Displayed
2024-01-14 01:44:37+00:00,Gochi - Mountain View,post cupcake tasting food,-122.098068,37.393365,Displayed
2024-01-14 20:48:49+00:00,Han Sang,post church lunch! featuring joyce and hannah,-122.392804,37.60204,Displayed
2024-01-15 02:17:34+00:00,Barracuda Sushi,post soccer food,-122.349166,37.578243,Displayed
2024-01-15 19:20:07+00:00,Palo Alto Creamery,happy mlk day,-122.161754,37.44408,Displayed
2024-01-16 01:12:21+00:00,Sunnyvale Golfland USA,hole in one for hole 18,-122.015223,37.354624,Displayed
2024-01-16 02:04:11+00:00,Kunjip,why is parking so difficult,-121.978758,37.34584,Displayed
2024-01-17 03:13:59+00:00,Naan Point,naan point is full today,-122.425498,37.626525,Displayed
2024-01-18 03:10:59+00:00,Daeho Kalbijjim & Beef Soup,happy daeho anniversary,-122.323757,37.56618,Displayed
2024-01-20 18:20:55+00:00,BodySpec,seeing how fat i am,-122.401689,37.798481,Displayed
2024-01-20 19:05:24+00:00,Surisan,post seeing that i am 15.7% made up of fat,-122.417417,37.806986,Displayed
2024-01-21 21:58:01+00:00,Tai Wu,post church lunch!,-122.390756,37.601886,Displayed
2024-01-22 03:12:25+00:00,Poké House - San Mateo,nadia always wants poke and jess copies my order,-122.291614,37.544598,Displayed
2024-01-24 04:02:07+00:00,Fire Wings,i am not very good at tennis,-122.323137,37.566354,Displayed
2024-01-25 01:51:32+00:00,Chase Center,warriors vs hawks 2024-01-24,-122.387618,37.768188,Displayed
2024-01-26 02:23:39+00:00,Chase Center,warriors vs kong a 2024-01-25,-122.387136,37.767993,Displayed
2024-01-27 04:07:43+00:00,Myung Dong Tofu Cabin,am i getting better at tennis,-122.284933,37.54482,Displayed
2024-01-27 21:53:36+00:00,Living Room Coffee Craft,hannah is always here,-121.950995,37.291721,Displayed
2024-01-28 01:10:44+00:00,Boiling Point,,-121.883742,37.386844,Displayed
2024-01-28 03:06:17+00:00,Snow Bowl,how did we end up in newark,-122.050297,37.551457,Displayed
2024-01-28 21:23:38+00:00,Mendocino Farms,post church lunch!,-122.291539,37.544769,Displayed
2024-02-02 02:04:06+00:00,Epic Dumpling,post “working” at caris and evelyn’s,-122.053584,37.372041,Displayed
2024-02-03 04:53:53+00:00,Seapot Hot Pot & KBBQ,why was this wait so long,-122.311152,37.548457,Displayed
2024-02-04 02:02:30+00:00,Must be Thai,,-121.951652,37.324034,Displayed
2024-02-04 03:13:39+00:00,Hui Lau Shan,this is not after kunjip,-122.016684,37.322223,Displayed
2024-02-04 20:57:38+00:00,K. Grill & Tofu House,post church lunch!,-122.411414,37.626831,Displayed
2024-02-04 23:18:48+00:00,Starbucks,strawberry açaí lemonade,-122.386072,37.595289,Displayed
2024-02-06 02:20:18+00:00,Myung Dong Tofu Cabin,hello alfred,-122.284908,37.544764,Displayed
2024-02-07 13:49:00+00:00,Chick-fil-A,pre flight to hawaii because nadia made us get to the airport super early,-121.925178,37.365393,Displayed
2024-02-07 22:44:37+00:00,Fresh Catch,first meal in hawaii,-157.812729,21.28815,Displayed
2024-02-08 00:47:02+00:00,Nana's Green Tea,matcha,-157.828347,21.27912,Displayed
2024-02-08 03:20:41+00:00,Duke's Waikiki,thank you for the old couple who helped us get a table,-157.827712,21.276635,Displayed
2024-02-08 07:58:46+00:00,Sundays,post pool bbq chicken,-157.824132,21.27624,Displayed
2024-02-08 19:50:15+00:00,Kamehameha Bakery,idk how to pronounce this place,,,Displayed
2024-02-08 20:08:30+00:00,Nisshodo Candy Store,mochi where nadia does donuts in the parking lot,,,Displayed
2024-02-08 21:28:29+00:00,Maguro Brothers Hawaii,parking is difficult and finding this place is also difficult,,,Displayed
2024-02-08 22:51:35+00:00,Alicia's Market,poke and roast pork,,,Displayed
2024-02-09 08:47:22+00:00,Duke's Waikiki,we’re here again for the lava flow…for everyone but anthony,,,Displayed
2024-02-09 20:03:04+00:00,Paalaa Kai Bakery,snow puppies,,,Displayed
2024-02-09 20:04:01+00:00,Paalaa Kai Mini-Mart,food before snorkeling,,,Displayed
2024-02-09 21:21:11+00:00,Giovanni's Shrimp Truck,jk no snorkeling,,,Displayed
2024-02-10 02:12:51+00:00,Coral Crater Adventure Park,going crazy on an atv,,,Displayed
2024-02-10 06:25:15+00:00,Side Street Inn,seeing the uc davis basketball team,,,Displayed
2024-02-10 19:36:59+00:00,Banán - Waikiki Beach Shack,pre snorkeling,,,Displayed
2024-02-10 22:30:57+00:00,Fresh Catch,andddd we’re back,,,Displayed
2024-02-11 02:36:48+00:00,Waiola Shave Ice,jumbo waiola rainbow,,,Displayed
2024-02-11 05:28:31+00:00,The Surfing Pig Hawaii,there’s water in my ear,,,Displayed
2024-02-11 08:05:10+00:00,Breakout Waikiki,2nd place all time!,,,Displayed
2024-02-11 20:00:55+00:00,Liliha Bakery,a very rushed pastry and saimin experience,,,Displayed
2024-02-11 21:05:26+00:00,Leonard's Bakery,obligatory,,,Displayed
2024-02-11 22:06:58+00:00,Mitsuwa Marketplace,plane ride lunches,,,Displayed
2024-02-12 06:29:08+00:00,Zareen's,last stop on our hawaiian trip to honor our uber driver abdul,,,Displayed
2024-02-18 21:14:59+00:00,La Petite Camille,post church lunch!,,,Displayed
2024-02-19 01:42:52+00:00,Ming Yuan Restaurant,chinese new year dinner,,,Displayed
2024-02-20 20:14:53+00:00,Seapot Hot Pot & KBBQ,,,,Displayed
2024-02-22 02:17:46+00:00,Kukje Market Restaurant,kristen is ready to get food at 6:50,,,Displayed
2024-02-23 01:10:53+00:00,Rantei Japanese Cuisine,happy birthday jess,,,Displayed
2024-02-23 02:46:48+00:00,Teazzi Tea Shop,boba #1 of the year. happy birthday jess,,,Displayed
2024-02-24 19:51:07+00:00,Pinstripes,happy birthday jess pt2. it’s bottomless mimosas time,,,Displayed
2024-02-25 04:25:21+00:00,Little Shanghai Restaurant,there are too many nuts here,,,Displayed
2024-02-26 02:04:44+00:00,Dough Zone Dumpling House - San Mateo,we really like dumplings,,,Displayed
2024-02-26 03:25:01+00:00,Dessert Republic,,,,Displayed
2024-03-02 04:09:17+00:00,Daeho Kalbijjim & Beef Soup,hopefully before not watching anastasia,,,Displayed
2024-03-02 05:42:56+00:00,Cold Stone Creamery,nads needs ice cream,,,Displayed
2024-03-02 21:09:58+00:00,Crepevine Restaurants,kelly is actually here for a meet up,,,Displayed
2024-03-04 03:25:31+00:00,Kiroro Sushi,post helping matt and dalena move in,,,Displayed
2024-03-07 03:05:35+00:00,Chase Center,2024-03-06 warriors vs bucks,,,Displayed
2024-03-09 04:15:58+00:00,Kunjip,post all day at facebook,,,Displayed
2024-03-10 03:24:42+00:00,Palmetto Superfoods,post tennis dinner #1,,,Displayed
2024-03-10 04:00:04+00:00,Pizza My Heart,post tennis dinner #2,,,Displayed
2024-03-10 20:15:01+00:00,Social Eatery,post church lunch!,,,Displayed
2024-03-11 02:51:08+00:00,Meet Fresh,nadia wanted dessert,,,Displayed
2024-03-11 02:51:28+00:00,K-Noodle,post soccer food where my shin is very bruised,,,Displayed
2024-03-12 00:29:23+00:00,Paul Martin's American Grill,happy hour with the family,,,Displayed
2024-03-13 04:05:58+00:00,In-N-Out Burger,post kung fu panda dinner. and happy birthday boaz,,,Displayed
2024-03-14 00:44:54+00:00,Sapporo Rock-N-Roll Sushi Restaurant,happy hour sushi,,,Displayed
2024-03-14 03:08:00+00:00,Gelataio,gelato,,,Displayed
2024-03-15 17:56:35+00:00,Raising Cane's Chicken Fingers,first time at canes featuring green lemonade,,,Displayed
2024-03-16 03:45:45+00:00,Olive Garden Italian Restaurant,post skiing unlimited breadsticks,,,Displayed
2024-03-17 20:29:39+00:00,La Petite Camille,post church lunch!,,,Displayed
2024-03-18 02:31:56+00:00,Pancho Villa Taqueria,post volleyball dinner,,,Displayed
2024-03-18 04:01:46+00:00,Somisomi,dessert,,,Displayed
2024-03-20 00:38:44+00:00,NOLA Restaurant & Bar,2024 H2 metaverse content offsite dinner,,,Displayed
2024-03-23 02:48:20+00:00,Mumu Hot Pot,pre acting like a kid for jess’s project,,,Displayed
2024-03-24 02:12:19+00:00,Buffalo Wild Wings,post suit shopping and watching march madness,,,Displayed
2024-03-26 02:31:37+00:00,Sunflower Garden,dinner with kristienne!!,,,Displayed
2024-03-29 01:36:37+00:00,Shalizaar,real life friends with alicia again,,,Displayed
2024-03-29 02:47:19+00:00,Wunderbar,luckily getting in off the non existent waitlist,,,Displayed
2024-03-30 04:47:37+00:00,In-N-Out Burger,a very busy good friday in n out meal,,,Displayed
2024-03-30 21:59:56+00:00,Blaze Pizza,post tennis racket shopping,,,Displayed
2024-03-30 23:50:24+00:00,Mitchells Ice Cream,nadia and jess’s first time,,,Displayed
2024-03-31 04:43:51+00:00,Nick The Greek,post ping pong food,,,Displayed
2024-03-31 19:36:26+00:00,DoubleTree by Hilton Hotel San Francisco Airport,easter brunch,,,Displayed
2024-04-02 03:23:39+00:00,Dumpling Empire,post tennis food,,,Displayed
2024-04-04 00:12:51+00:00,One Piece Sushi,nadia is afraid of going to restaurants alone,,,Displayed
2024-04-04 04:34:48+00:00,McDonald's,post volleyball food,,,Displayed
2024-04-05 01:57:08+00:00,Pho Element,we have lots of space between our seats,,,Displayed
2024-04-05 03:14:42+00:00,Chuck's Donuts,too good to go post pho,,,Displayed
2024-04-06 03:04:50+00:00,Lazy Dog Restaurant & Bar,we did not do any signage today,,,Displayed
2024-04-06 05:05:34+00:00,Teaever,too good to go,,,Displayed
2024-04-07 03:37:07+00:00,Vesta,mazra is too crowded,,,Displayed
2024-04-07 04:34:40+00:00,Gelataio,,,,Displayed
2024-04-07 19:48:05+00:00,Habit Burger & Grill,post church lunch!,,,Displayed
2024-04-08 01:25:26+00:00,Naan Point,,,,Displayed
2024-04-10 01:29:09+00:00,Ramen Parlor,pre godzilla,,,Displayed
2024-04-10 02:40:58+00:00,Antoine's Cookie Shop,pre movie cookie,,,Displayed
2024-04-11 04:30:49+00:00,In-N-Out Burger,post volleyball food,,,Displayed
2024-04-11 18:46:49+00:00,Cali Tacos,per kody and emily’s rec,,,Displayed
2024-04-11 22:14:26+00:00,Paradise Dynasty,happy hour dumplings but i’m still quite full,,,Displayed
2024-04-12 03:45:43+00:00,Wadaya,kody and emily’s rec has half off asahi,,,Displayed
2024-04-12 23:29:07+00:00,Sushi Damu,first meal of the day at 4:30,,,Displayed
2024-04-13 01:44:21+00:00,Seaside Donuts Bakery,kody and emily’s rec again,,,Displayed
2024-04-13 17:59:33+00:00,Blue Bowl Superfoods,apparently something i get every time i’m here,,,Displayed
2024-04-14 17:28:25+00:00,Seafood Cove 2,so many asians,,,Displayed
2024-04-14 23:23:36+00:00,Porto's Bakery & Cafe,obligatory,,,Displayed
2024-04-15 03:25:06+00:00,PhoHolic,solo seating,,,Displayed
2024-04-15 22:18:37+00:00,Nick The Greek,why does my car not start,,,Displayed
2024-04-16 05:16:38+00:00,Avenue 26 Tacos,obligatory first stop,,,Displayed
2024-04-17 03:17:14+00:00,Little Fatty,elizabeth and i are little fattys,,,Displayed
2024-04-17 04:46:14+00:00,Ginger’s Divine Ice Creams,always a double scoop and always a mistake,,,Displayed
2024-04-18 03:11:33+00:00,Baran's 2239,happy birthday joyce but not really,,,Displayed
2024-04-19 01:18:15+00:00,Urban Plates,pre trivia night food,,,Displayed
2024-04-19 02:06:30+00:00,Off The Rails Brewing,trivia night once again!,,,Displayed
2024-04-20 21:23:06+00:00,Nitty’s Cider,alcohol in the sun with christian,,,Displayed
2024-04-20 22:26:29+00:00,Urban Roots Brewing & Smokehouse,fun in the sun,,,Displayed
2024-04-21 02:00:02+00:00,Bonn Lair,a bucket of beer,,,Displayed
2024-04-21 02:41:12+00:00,La Trattoria Bohemia,a large pizza,,,Displayed
2024-04-21 18:02:35+00:00,Orphan,there’s no alcohol at this meal,,,Displayed
2024-04-25 04:33:50+00:00,Chick-fil-A,post volleyball food ft free chick fil a,,,Displayed
2024-04-26 01:32:54+00:00,Liang's Village,dinner with hannah but both of us are very sleepy,,,Displayed
2024-04-26 03:36:33+00:00,Hui Lau Shan,apparently hannah and i only know one dessert place,,,Displayed
2024-04-27 19:53:00+00:00,Tacos Al Pastor Estilo Puebla,post strawberry picking,,,Displayed
2024-04-27 20:14:06+00:00,Tacos Al Vapor,tacos again,,,Displayed
2024-04-28 03:38:18+00:00,Sapporo Rock-N-Roll Sushi Restaurant,it’s not happy hour,,,Displayed
2024-04-28 20:04:31+00:00,Rise Woodfire Pizza & Rotisserie,post bmc lunch but it’s crown fellowship,,,Displayed
2024-04-29 02:22:40+00:00,Dough Zone Dumpling House - San Mateo,post volleyball dinner!,,,Displayed
2024-04-29 04:08:05+00:00,Paris Baguette,dessert with a surprise nadia sighting,,,Displayed
2024-04-30 02:32:30+00:00,San Tung,,,,Displayed
2024-04-30 03:51:06+00:00,NaYa Dessert Cafe,dessert with sydney and brad,,,Displayed
2024-05-01 00:57:50+00:00,City Kebabs And Gyros,hello kristen,,,Displayed
2024-05-01 02:33:39+00:00,Sweethoney Dessert,,,,Displayed
2024-05-02 14:14:00+00:00,House of Joy,dim sum with lauren and bryan and brad,,,Displayed
2024-05-02 15:12:07+00:00,Mei Lai Wah Bakery,,,,Displayed
2024-05-02 16:45:40+00:00,Bean & Bean Coffee Roasters,everyone is tired and needs coffee,,,Displayed
2024-05-02 18:51:18+00:00,Lady M Cake Boutique,after randomly running into nichole,,,Displayed
2024-05-02 19:30:28+00:00,Los Tacos No.1,obligatory tacos,,,Displayed
2024-05-02 21:01:43+00:00,FIFTYLAN Union Square,q2 boba!!,,,Displayed
2024-05-02 22:05:04+00:00,Joe’s Pizza,pizza stop #1,,,Displayed
2024-05-02 22:58:00+00:00,Strand Bookstore,because everyone is too tired and full to eat dinner,,,Displayed
2024-05-03 00:01:17+00:00,ICHIRAN Midtown,nobody is hungry still,,,Displayed
2024-05-03 13:08:01+00:00,Ess-a-Bagel,bryan and lauren picking it up because brad and i can’t wake up early enough,,,Displayed
2024-05-03 16:20:19+00:00,Let's Meat,reliving ayce kbbq memories with bryan,,,Displayed
2024-05-03 17:43:09+00:00,Grace Street,dessert is required,,,Displayed
2024-05-03 21:39:09+00:00,Bleecker Street Pizza,pre dinner snack,,,Displayed
2024-05-03 23:29:30+00:00,Shu Jiao Fu Zhou,nichole is stressed ordering,,,Displayed
2024-05-04 00:20:46+00:00,Super Taste,there’s nowhere to sit,,,Displayed
2024-05-04 01:24:25+00:00,The Back Room,it’s the prohibition,,,Displayed
2024-05-04 02:28:16+00:00,Loreley Beer Garden,,,,Displayed
2024-05-04 03:25:01+00:00,Ray's,jk we checked into the wrong place before but now we’re at the beer garden,,,Displayed
2024-05-04 05:05:54+00:00,Prince Street Pizza,obligatory after beer,,,Displayed
2024-05-04 17:30:51+00:00,Little Ruby's East Village,subways make me late,,,Displayed
2024-05-04 19:53:12+00:00,La Cabra,unplanned bakery crawl stop #1,,,Displayed
2024-05-04 20:32:44+00:00,Supermoon Bakehouse,confusion,,,Displayed
2024-05-05 00:04:53+00:00,Caffe Palermo,the cannoli king,,,Displayed
2024-05-05 00:30:28+00:00,Deluxe Green Bo,the dinner before dinner featuring an angry waitress,,,Displayed
2024-05-05 01:45:41+00:00,Bar Primi Bowery,dinner#2,,,Displayed
2024-05-05 17:59:13+00:00,OBAO,post church lunch in ny,,,Displayed
2024-05-09 04:42:42+00:00,In-N-Out Burger,post volleyball food,,,Displayed
2024-05-10 01:37:26+00:00,State Street Market,matt and dalena’s rehearsal dinner,,,Displayed
2024-05-10 01:37:49+00:00,Little Blue Door,matt and dalena’s rehearsal dinner,,,Displayed
2024-05-11 02:39:11+00:00,bb.q Chicken Sunnyvale,matt is getting married tomorrow,,,Displayed
2024-05-12 05:46:25+00:00,Tacos El Grullense E&E,post wedding tacos,,,Displayed
2024-05-12 22:14:31+00:00,Flores San Mateo,happy mother’s day,,,Displayed
2024-05-14 02:04:15+00:00,Warehouse Buffet,extended family birthday dinner,,,Displayed
2024-05-16 04:40:11+00:00,In-N-Out Burger,post volleyball food!,,,Displayed
2024-05-17 00:16:30+00:00,Seapot Hot Pot & KBBQ,happy birthday me i guess,,,Displayed
2024-05-19 03:02:42+00:00,Noodles & Things - San Mateo,post singles lifestage event dinner,,,Displayed
2024-05-19 20:01:01+00:00,Yuanbao Jiaozi,post church lunch!,,,Displayed
2024-05-24 05:41:29+00:00,Krispy Kreme,birthday donuts,,,Displayed
2024-05-26 01:27:30+00:00,Ox 9 Lanzhou HandPulled Noodles,look jerms is here!!,,,Displayed
2024-05-26 20:04:25+00:00,Hong Kong Palace,lost church lunch! crown may meeting,,,Displayed
2024-05-27 02:24:40+00:00,Golden Boy Pizza,wow it’s pizza time!,,,Displayed
2024-05-28 02:52:26+00:00,Buffalo Wild Wings,bottomless wings,,,Displayed
2024-05-30 04:40:21+00:00,Chick-fil-A,post volleyball food stop #1 because free milkshake and ice cream,,,Displayed
2024-05-30 05:03:17+00:00,In-N-Out Burger,post volleyball food #2,,,Displayed
2024-05-31 03:29:35+00:00,Chick-fil-A,andddd i’m here again for free food,,,Displayed
2024-06-01 02:32:39+00:00,Seapot Hot Pot & KBBQ,congrats peter on graduating from fire academy,,,Displayed
2024-06-03 01:18:05+00:00,XLB Kitchen,happy birthday dalena again,,,Displayed
2024-06-05 18:21:09+00:00,The Breakfast Club,i maxed out in pto and wanted to build a keyboard,,,Displayed
2024-06-05 20:29:30+00:00,The Gelato Shop,it’s hot outside,,,Displayed
2024-06-06 04:31:43+00:00,BJ's Restaurant & Brewhouse,post badminton food,,,Displayed
2024-06-07 17:17:15+00:00,Chick-fil-A,please give me more free stuff,,,Displayed
2024-06-08 00:04:08+00:00,House Of Pancakes,post cleaning chairs at nadia’s classroom,,,Displayed
2024-06-08 06:15:29+00:00,Sweethoney Dessert,post crown game #1 and a loss,,,Displayed
2024-06-09 04:40:10+00:00,Tacos Santiaguito,6 tacos post ron’s birthday party,,,Displayed
2024-06-09 20:14:27+00:00,Diamond Head General Store,post church lunch!,,,Displayed
2024-06-12 02:43:50+00:00,California Fish Grill,i am not good at tennis,,,Displayed
2024-06-12 04:24:22+00:00,Bob's Donuts & Pastry Shop,yum,,,Displayed
2024-06-13 05:14:58+00:00,BJ's Restaurant & Brewhouse,post badminton food again,,,Displayed
2024-06-14 01:34:28+00:00,Chick-fil-A,free,,,Displayed
2024-06-15 05:05:59+00:00,Toyose,post a crown loss,,,Displayed
2024-06-15 07:01:09+00:00,Bob's Donuts & Pastry Shop,spontaneous,,,Displayed
2024-06-15 19:33:03+00:00,Mints & Honey,,,,Displayed
2024-06-16 20:20:58+00:00,Bashamichi Sushi and Bar,post church lunch!,,,Displayed
2024-06-19 02:22:39+00:00,MAZRA,small group but not really,,,Displayed
2024-06-20 04:05:29+00:00,Chick-fil-A,free,,,Displayed
2024-06-20 20:51:45+00:00,Smoove Ice Cream,bogo,,,Displayed
2024-06-22 04:21:20+00:00,CQ Noodles,post another crown loss but some progress,,,Displayed
2024-06-22 05:29:34+00:00,Golden Island Cafe,popcorn chicken time,,,Displayed
2024-06-23 00:53:54+00:00,Galpão Gaucho Brazilian Steakhouse,happy birthday dad,,,Displayed
2024-06-23 20:04:48+00:00,Truffle Poké Bar,post church lunch!,,,Displayed
2024-06-24 06:10:19+00:00,Joe's Pizza,it’s 2am but it’s the first thing i need to do,,,Displayed
2024-06-25 00:01:23+00:00,Omakase By Korami,hi hannah,,,Displayed
2024-06-25 02:28:21+00:00,Pommes Frites,$32 for fries and a 32 oz slushie,,,Displayed
2024-06-26 01:15:57+00:00,Tony's Di Napoli,content q2 offsite,,,Displayed
2024-06-26 23:35:26+00:00,Eleni's,this waiter is kinda rude though,,,Displayed
2024-06-27 23:15:05+00:00,Magic Hour Rooftop Bar & Lounge,i feel out of place,,,Displayed
2024-06-28 01:50:45+00:00,ICHIRAN Midtown,spontaneous ramen but the soft boiled egg still has a shell,,,Displayed
2024-06-28 02:28:00+00:00,NY Pizza Suprema,dinner part 2,,,Displayed
2024-06-29 00:16:15+00:00,Chick-fil-A,free stuff from zuck and cfa,,,Displayed
2024-06-30 00:04:49+00:00,Hong Kong East Ocean Seafood Restaurant,congrats kody and emily again,,,Displayed
2024-07-02 03:38:01+00:00,Tacos El Grullense,volleyball break dinner,,,Displayed
2024-07-03 02:09:30+00:00,Acai R,post tennis pre basketball,,,Displayed
2024-07-03 05:41:32+00:00,In-N-Out Burger,post basketball loss food,,,Displayed
2024-07-04 04:58:58+00:00,Chick-fil-A,free,,,Displayed
2024-07-04 05:08:39+00:00,BJ's Restaurant & Brewhouse,post badminton food,,,Displayed
2024-07-05 06:24:20+00:00,Square Pie Guys,happy 4th of july,,,Displayed
2024-07-07 02:36:10+00:00,One Piece Sushi,this is not amami,,,Displayed
2024-07-07 04:03:57+00:00,Potato Guys,fry time,,,Displayed
2024-07-07 08:34:35+00:00,Bob's Donuts & Pastry Shop,JESS IS SPOMTAMEOUS,,,Displayed
2024-07-08 02:13:17+00:00,Zhangliang Malatang,post a goodbye josh celebration,,,Displayed
2024-07-09 00:50:56+00:00,Evvia Estiatorio,we are def underdressed,,,Displayed
2024-07-09 02:15:48+00:00,Curry Pizza House Palo Alto,dinner #2,,,Displayed
2024-07-10 01:53:02+00:00,Pita Gyros,,,,Displayed
2024-07-11 02:04:44+00:00,Chick-fil-A,free,,,Displayed
2024-07-11 04:17:17+00:00,Rise Woodfire Pizza & Rotisserie,,,,Displayed
2024-07-11 17:45:39+00:00,Saigon Oi,on the way to truckee,,,Displayed
2024-07-11 20:37:56+00:00,Ikeda's California Country Market,pieeee,,,Displayed
2024-07-13 19:05:24+00:00,Ikeda's California Country Market,pies again,,,Displayed
2024-07-13 20:47:03+00:00,Good Friends Hawaiian Poke,family pack,,,Displayed
2024-07-14 02:53:39+00:00,Yuanbao Jiaozi,discussions about a conspiracy theory,,,Displayed
2024-07-14 20:18:23+00:00,Chipotle Mexican Grill,post church lunch!,,,Displayed
2024-07-15 02:16:58+00:00,Wursthall,post soccer,,,Displayed
2024-07-16 01:59:34+00:00,Vons Chicken,small group dinner,,,Displayed
2024-07-18 05:10:25+00:00,BJ's Restaurant & Brewhouse,post badminton food,,,Displayed
2024-07-18 19:27:02+00:00,Kami Korean Kitchen,post dying at lagree,,,Displayed
2024-07-20 06:16:55+00:00,BJ's Restaurant & Brewhouse,post losing another crown game dinner,,,Displayed
2024-07-20 07:55:43+00:00,Bob's Donuts & Pastry Shop,spontaneous,,,Displayed
2024-07-21 20:02:58+00:00,Naan Point,post church lunch!,,,Displayed
2024-07-23 03:56:29+00:00,Mom’s Tofu,adios pie friend,,,Displayed
2024-07-24 00:59:21+00:00,Maggiano's Little Italy,happy anniversary parentals,,,Displayed
2024-07-25 02:08:29+00:00,Kura Revolving Sushi Bar,,,,Displayed
2024-07-25 02:42:32+00:00,Sul & Beans,,,,Displayed
2024-07-26 02:25:16+00:00,Rise Woodfire Pizza & Rotisserie,,,,Displayed
2024-07-26 17:36:18+00:00,Chick-fil-A,free breakfast,,,Displayed
2024-07-27 02:05:37+00:00,Zhangliang Malatang,pre tennis pre spicy diarrhea,,,Displayed
2024-07-27 23:02:27+00:00,Butter&,happy birthday tim,,,Displayed
2024-07-27 23:54:37+00:00,Chick-fil-A,not free,,,Displayed
2024-07-28 02:13:36+00:00,Daeho Kalbijjim & Beef Soup,happy birthday tim,,,Displayed
2024-07-28 20:19:37+00:00,SAJJ Mediterranean,post church lunch!,,,Displayed
2024-07-29 02:49:28+00:00,Poké House - San Mateo,post volleyball dinner,,,Displayed
2024-07-31 05:59:24+00:00,BJ's Restaurant & Brewhouse,post badminton pizza,,,Displayed
2024-08-02 06:18:46+00:00,Denny's,post volleyball food,,,Displayed
2024-08-03 04:39:29+00:00,Rise Woodfire Pizza & Rotisserie,post trying to do ads,,,Displayed
2024-08-03 19:20:58+00:00,LuLu’s - Town & Country,pre helping rachel setup her classroom,,,Displayed
2024-08-04 20:23:06+00:00,Noodleosophy,post church lunch!,,,Displayed
2024-08-05 01:59:06+00:00,Wingstop,lots of wings,,,Displayed
2024-08-06 02:07:04+00:00,Chick-fil-A,free,,,Displayed
2024-08-07 01:36:40+00:00,The Halal Guys,pre trivia dinner,,,Displayed
2024-08-07 02:59:36+00:00,Barebottle Brewing Company,trivia but we’re still bad,,,Displayed
2024-08-09 03:35:21+00:00,Zhangliang Malatang,post concert in the park,,,Displayed
2024-08-09 05:30:46+00:00,Rolling Pin Donuts,always donuts,,,Displayed
2024-08-10 02:00:53+00:00,Ippudo Cupertino,happy birthday joseph,,,Displayed
2024-08-10 06:02:06+00:00,Pocha K - Santa Clara,post a really scream filled escape room,,,Displayed
2024-08-12 02:15:30+00:00,Daeho Kalbijjim & Beef Soup,indecision,,,Displayed
2024-08-12 05:11:27+00:00,Bob's Donuts & Pastry Shop,always donuts,,,Displayed
2024-08-13 01:58:45+00:00,QQ Noodle,goodbye caris and evelyn,,,Displayed
2024-08-13 03:24:11+00:00,TP Tea,2024 Q3 boba- goodbye caris and evelyn,,,Displayed
2024-08-14 04:09:55+00:00,Gelataio,happy birthday matt,,,Displayed
2024-08-15 03:22:04+00:00,Chick-fil-A,free again,,,Displayed
2024-08-16 18:07:38+00:00,Diva Espresso - Broadview,a pima colada smoothie with christine,,,Displayed
2024-08-16 20:18:56+00:00,Eat and Go Thai Street Food,khao soi always with christine,,,Displayed
2024-08-17 03:07:57+00:00,Xi'an Noodles,pre picking up elizabeth from the airport,,,Displayed
2024-08-17 17:59:44+00:00,Macrina Bakery & Cafe,morning pastries,,,Displayed
2024-08-17 23:40:56+00:00,Homegrown,post volleyball “lunch” at 4:45,,,Displayed
2024-08-18 04:39:36+00:00,Toulouse Petit Kitchen & Lounge,happy birthday christian,,,Displayed
2024-08-18 20:18:01+00:00,Wayward Vegan,elizabeth is very happy eating here,,,Displayed
2024-08-19 01:15:08+00:00,The Comet Tavern,because elizabeth didn’t have her passport,,,Displayed
2024-08-19 03:40:50+00:00,Rock Box,belting,,,Displayed
2024-08-19 04:06:37+00:00,Big Mario's Pizza,because i have no leftovers,,,Displayed
2024-08-19 17:51:57+00:00,Moonrise Bakery,morning pastries,,,Displayed
2024-08-19 21:40:37+00:00,Big Max Burger,a late lunch,,,Displayed
2024-08-20 00:50:40+00:00,Seattle Fish Guys,real life friends with lea again,,,Displayed
2024-08-20 03:07:12+00:00,Bluebird Ice Cream,because lea doesn’t drink boba anymore,,,Displayed
2024-08-20 20:20:48+00:00,Bongos,everything is always closed,,,Displayed
2024-08-20 23:43:38+00:00,Dumpling The Noodle,dumps to go,,,Displayed
2024-08-24 02:43:51+00:00,Pizza My Heart,yum a big pizza,,,Displayed
2024-08-24 17:50:13+00:00,Caffe Central,the long awaited meetup pt2 with kelly,,,Displayed
2024-08-25 03:42:26+00:00,Sweet Moment,it feels like evelyn never even left….because it’s been 1.5 weeks,,,Displayed
2024-08-25 20:34:46+00:00,Rise Pizzeria - Burlingame,post church lunch! but it’s goodbye to alfred :(,,,Displayed
2024-08-26 01:32:02+00:00,Poké House - San Mateo,post soccer dinner but without alfred,,,Displayed
2024-08-28 03:11:59+00:00,Aji Ichi Japanese Restaurant,post tennis,,,Displayed
2024-08-28 05:20:31+00:00,Bob's Donuts & Pastry Shop,congrats jess on finishing the interview,,,Displayed
2024-08-29 00:53:25+00:00,Yuanbao Jiaozi,,,,Displayed
2024-08-31 00:48:44+00:00,Ramen Parlor,pre volleyball dinner,,,Displayed
2024-08-31 21:12:51+00:00,Maggiano's Little Italy,kristen and ryan’s wedding rehearsal lunch,,,Displayed
2024-09-02 22:16:37+00:00,Grand Dynasty,post ryan and kristen’s wedding but without them,,,Displayed
2024-09-02 22:57:05+00:00,Izumi Matcha,featuring hubert,,,Displayed
2024-09-04 03:16:22+00:00,SUGARFISH | Marina del Rey,i walked 35 min for this,,,Displayed
2024-09-05 01:04:24+00:00,Great White,content q3 offsite,,,Displayed
2024-09-05 19:01:28+00:00,Antojitos Cocina Mexicana,it’s too hot at q3 analytics offsite,,,Displayed
2024-09-06 01:32:54+00:00,Quarters Korean BBQ,a very squished offsite dinner,,,Displayed
2024-09-06 03:16:58+00:00,Oakobing,q3 content offsite,,,Displayed
2024-09-06 18:28:53+00:00,Earthbar,because zuck pays,,,Displayed
2024-09-07 01:00:05+00:00,Kunjip,hannah is also here,,,Displayed
2024-09-08 07:17:15+00:00,Bob's Donuts & Pastry Shop,to celebrate tim and sammy’s wedding!!,,,Displayed
2024-09-08 08:11:27+00:00,In-N-Out Burger,but also food,,,Displayed
2024-09-08 20:46:12+00:00,Porridge & Things,post church lunch!,,,Displayed
2024-09-11 02:05:18+00:00,Chingu,now tim is married,,,Displayed
2024-09-13 02:08:57+00:00,Mama's Boy,caris and evelyn are back,,,Displayed
2024-09-14 19:20:35+00:00,Fambrini's Cafe,amos is an idaho man now,,,Displayed
2024-09-15 02:48:16+00:00,Tasty Pot,,,,Displayed
2024-09-16 01:33:20+00:00,Kunjip,i’m always here but this time without hang,,,Displayed
2024-09-17 01:49:32+00:00,State of Mind Public House and Pizzeria,small group finally,,,Displayed
2024-09-18 01:35:41+00:00,Dumpling Era,last supper,,,Displayed
2024-09-19 03:06:06+00:00,Farm & Vine American Bistro,alicia is back,,,Displayed
2024-09-21 01:38:23+00:00,Daeho Kalbi Jjim & Beef Soup,pre nathan’s last second visit,,,Displayed
2024-09-22 19:42:43+00:00,Chipotle Mexican Grill,post church lunch!,,,Displayed
2024-09-25 01:24:38+00:00,Grand Harbor Dim Sum & Seafood,kristen and ryan’s banquet menu tasting,,,Displayed
2024-09-26 04:14:21+00:00,BJ's Restaurant & Brewhouse,post badminton food again,,,Displayed
2024-09-27 03:11:06+00:00,Taishoken - San Mateo,i tried to skate and did not fall,,,Displayed
2024-09-28 04:23:19+00:00,McDonald's,spontaneous mcdonald’s,,,Displayed
2024-09-29 19:42:24+00:00,Habit Burger & Grill,post church lunch ft jess,,,Displayed
2024-09-30 02:20:31+00:00,Daeho Kalbijjim & Beef Soup,i come here too much,,,Displayed
2024-09-30 19:07:51+00:00,Seapot Hot Pot & KBBQ,because i maxed out on pto,,,Displayed
2024-10-01 02:18:45+00:00,Tacos El Grullense,small group is happening,,,Displayed
2024-10-03 03:51:31+00:00,Kevin’s Noodle House,dinner with james with a sighting of alfred during and derrick after,,,Displayed
2024-10-05 03:03:07+00:00,Noma Sushi,dinner with jesssss,,,Displayed
2024-10-06 01:03:41+00:00,Seapot Hot Pot & KBBQ,happy birthday egan,,,Displayed
2024-10-06 20:14:55+00:00,Habit Burger & Grill,post church lunch!,,,Displayed
2024-10-07 02:03:40+00:00,IKEA,kinda helping ron,,,Displayed
2024-10-07 02:56:03+00:00,McDonald's,why is the ikea hot dog station down,,,Displayed
2024-10-08 18:15:15+00:00,Pancake Boy,hello jess,,,Displayed
2024-10-08 20:44:15+00:00,Asha Tea House,q4 boba featuring jess,,,Displayed
2024-10-09 00:47:16+00:00,Umami Sushi,din din,,,Displayed
2024-10-09 00:47:38+00:00,Exploratorium,we spent too long at the entrance,,,Displayed
2024-10-10 19:53:58+00:00,Simply Cake,happy baby yuwan,,,Displayed
2024-10-12 02:42:06+00:00,Costco,jess is not very high maintenance,,,Displayed
2024-10-12 20:25:34+00:00,Urban Ritual,i’m not actually drinking this but i’m at a boba tasting,,,Displayed
2024-10-13 02:14:45+00:00,Kajiken,post boba tasting,,,Displayed
2024-10-13 06:20:24+00:00,Bob's Donuts & Pastry Shop,post home karaoke,,,Displayed
2024-10-14 00:07:43+00:00,WooHao Chinese Restaurant,we got them to turn on the football game for us,,,Displayed
2024-10-14 03:21:15+00:00,Meet Fresh,running into yuwan,,,Displayed
2024-10-16 02:23:44+00:00,Vons Chicken,small group at vons again,,,Displayed
2024-10-17 03:04:07+00:00,Curry Hyuga,jess and dalena are stressed,,,Displayed
2024-10-17 04:07:12+00:00,Caffe Stellato,i chose to get dairy,,,Displayed
2024-10-19 09:39:09+00:00,Round Table Pizza,whole foods hates us,,,Displayed
2024-10-19 19:21:02+00:00,Pho Kim Long,pre hannahas matcha party,,,Displayed
2024-10-20 20:33:51+00:00,Yuanbao Jiaozi,post church lunch,,,Displayed
2024-10-22 18:06:44+00:00,Johnny's,this is an american diner vibe,,,Displayed
2024-10-22 22:30:23+00:00,Bob's Vegetable Stand & Pumpkin Farm,pumpkin patch number 1,,,Displayed
2024-10-22 23:02:19+00:00,Farmer John's Pumpkin Farm,pumpkin patch number 2,,,Displayed
2024-10-22 23:20:39+00:00,Andreotti Family Farms,pumpkin patch number 3,,,Displayed
2024-10-23 01:13:28+00:00,Sam's Chowder House,post a long walk,,,Displayed
2024-10-23 03:26:21+00:00,Gelataio,there was no dessert in half moon bay,,,Displayed
2024-10-24 00:42:35+00:00,Mingalaba,q4(?) offsite?,,,Displayed
2024-10-26 01:38:58+00:00,Sol Food,pre bmc retreat 2024,,,Displayed
2024-10-26 07:51:33+00:00,In-N-Out Burger,bmc retreat 2024 night #1,,,Displayed
2024-10-27 00:04:58+00:00,Gott's Roadside,bmc retreat 2024 food offsite,,,Displayed
2024-10-27 08:09:11+00:00,Jack in the Box,bmc retreat 2024 late night food,,,Displayed
2024-10-27 22:07:51+00:00,Kiss Of Matcha,post retreat matcha,,,Displayed
2024-10-27 22:16:41+00:00,Good Luck Dim Sum,post retreat snack,,,Displayed
2024-10-30 02:38:59+00:00,Liang's Village,hello it’s jess at a taiwanese place,,,Displayed
2024-10-30 04:22:48+00:00,Choc Cookies,hole in the wall??,,,Displayed
2024-10-31 05:43:35+00:00,Salt & Straw,post discipleship seminar #1,,,Displayed
2024-11-02 19:00:15+00:00,MAZRA,kristen and i are friends,,,Displayed
2024-11-03 01:45:21+00:00,Zareen's,i did not go to a wedding,,,Displayed
2024-11-03 04:10:56+00:00,Maruwu Seicha,matcha,,,Displayed
2024-11-03 21:14:21+00:00,Curry Hyuga,post church lunch! featuring jess in real life again,,,Displayed
2024-11-05 03:32:15+00:00,Shabu Shack,it’s jess again,,,Displayed
2024-11-05 05:55:25+00:00,Sweethoney Dessert,jess can’t decide what to order,,,Displayed
2024-11-09 19:13:43+00:00,Main Street Kitchen & Bar,jess and i have not planned today at all,,,Displayed
2024-11-09 21:33:56+00:00,Third Culture Bakery,jess and i had a good dap before coming here,,,Displayed
2024-11-09 22:02:29+00:00,Rooted Coffee,jess is spelled j e s s,,,Displayed
2024-11-09 22:27:28+00:00,Model Bakery,a 6 pack of english muffins,,,Displayed
2024-11-10 01:33:23+00:00,Toyosu,jess and the long awaited sushi restaurant,,,Displayed
2024-11-10 03:26:12+00:00,Slice House by Tony Gemignani,there’s one in belmont,,,Displayed
2024-11-10 04:48:40+00:00,Tea Moment,claw machines are hard,,,Displayed
2024-11-10 21:20:34+00:00,IPOH Garden Malaysian Cuisine,post church lunch!,,,Displayed
2024-11-12 04:17:56+00:00,Kevin’s Noodle House,jess talks about larger marching band kids on a golf cart,,,Displayed
2024-11-16 20:43:57+00:00,MAZRA,what is a date?,,,Displayed
2024-11-17 21:15:58+00:00,K. Grill & Tofu House,post church lunch!,,,Displayed
2024-11-18 02:13:44+00:00,Grand HotPot,happy birthday kyle,,,Displayed
2024-11-20 03:53:27+00:00,Kevin’s Noodle House,alfred still exists post bmc,,,Displayed
2024-11-22 02:28:49+00:00,Chick & Jajang,will eric show up??,,,Displayed
2024-11-23 03:35:18+00:00,I Dumpling,jess gets stressed by a train track,,,Displayed
2024-11-24 01:04:17+00:00,Suily's Cafe,post watching lowell destroy balboa in JV football championship,,,Displayed
2024-11-24 20:41:57+00:00,IPOH Garden Malaysian Cuisine,post church lunch!,,,Displayed
2024-11-25 20:08:44+00:00,Ramen Nagi,thank you alfred for waiting in line,,,Displayed
2024-11-25 21:03:59+00:00,Maruwu Seicha,jk sorry jess i am here,,,Displayed
2024-11-27 04:28:42+00:00,Ramen Nagi,twice in a row,,,Displayed
2024-11-27 05:20:09+00:00,Maruwu Seicha,jess is super awkward,,,Displayed
2024-11-28 01:14:16+00:00,Kunjip,kunjip hannah is REAL,,,Displayed
2024-11-28 02:32:32+00:00,Hui Lau Shan,hannah and i have the exact same meetup every time,,,Displayed
2024-11-30 03:59:52+00:00,Akami Sushi,congrats jess on your first real day of work,,,Displayed
2024-12-01 21:02:41+00:00,Grand Harbor Dim Sum & Seafood,late but kristen and ryan’s chinese banquet,,,Displayed
2024-12-01 21:03:06+00:00,Noodleosophy,post church lunch!,,,Displayed
2024-12-04 02:24:13+00:00,Joy Sushi,pre moana 2 dinner,,,Displayed
2024-12-05 02:59:43+00:00,Sens Restaurant,2024 q4 content offsite day 1 dinner,,,Displayed
2024-12-05 05:23:18+00:00,Pagan Idol,2024 q4 offsite day 1 tiki bar bowls,,,Displayed
2024-12-06 02:05:51+00:00,SF Kebab,pre 2024-12-05 warriors vs rockets game dinner,,,Displayed
2024-12-06 05:22:51+00:00,Chase Center,2023-12-05 warriors vs rockets,,,Displayed
2024-12-07 05:45:42+00:00,The GlassHouse,jess’s ryzen company holiday party 2024,,,Displayed
2024-12-08 21:13:53+00:00,Urban Kitchen,post church lunch!,,,Displayed
2024-12-09 05:33:24+00:00,Bay Pocha,post shrek the musical dinner,,,Displayed
2024-12-11 02:32:19+00:00,Curry Pizza House San Mateo,pizza with matt,,,Displayed
2024-12-12 03:27:04+00:00,Pho Huynh Hiep - Kevin’s Noodle House,pre round1,,,Displayed
2024-12-12 06:18:35+00:00,OH Dessert Cafe,i’m going to be very tired tomorrow,,,Displayed
2024-12-14 19:05:45+00:00,Palette Tea Garden & Dim Sum,happy birthday mom at a bougie dim sum place,,,Displayed
2024-12-16 02:09:56+00:00,Pho Element,happy birthday mom dinner,,,Displayed
2024-12-20 03:52:59+00:00,Tofu Plus,pre enchant san jose where jess doesn’t know where she wants to eat,,,Displayed
2024-12-20 04:29:40+00:00,In-N-Out Burger,hot chocolate,,,Displayed
2024-12-20 06:49:38+00:00,Enchant - San Jose,Jess is good at wearing hoods,,,Displayed
2024-12-21 21:24:17+00:00,Curry Hyuga,kristienne makes a drive down,,,Displayed
2024-12-22 21:33:59+00:00,Cheung Hing Restaurant,post church lunch!,,,Displayed
2024-12-29 21:30:35+00:00,Pho Element,post church lunch!,,,Displayed
2024-12-29 23:37:46+00:00,Heidi's Pies Restaurant,pre heidi’s closing pie,,,Displayed
2024-12-30 03:31:53+00:00,Poké House - San Mateo,jess is back,,,Displayed
2024-12-31 03:23:19+00:00,Jack's Restaurant & Bar,teaching jess how to watch football,,,Displayed
2025-01-01 04:04:50+00:00,Slice House by Tony Gemignani,new year’s eve pizza,,,Displayed
2025-01-02 01:40:24+00:00,MY Dumpling,first restaurant of 2025 is dumplings,,,Displayed
2025-01-02 19:57:50+00:00,Mr. Teriyaki Sushi,kristen gets to the restaurant super early,,,Displayed
2025-01-03 02:12:03+00:00,Hummus Mediterranean Kitchen,hello amos,,,Displayed
2025-01-03 04:44:56+00:00,Maruwu Seicha,apparently i always come here,,,Displayed
2025-01-05 03:38:44+00:00,House Of Pancakes,it is crowded,,,Displayed
2025-01-11 03:03:19+00:00,Ono Hawaiian BBQ,canes has a long line,,,Displayed
2025-01-11 04:58:19+00:00,Mr. Mahjong's,trivia seems dubious,,,Displayed
2025-01-11 06:44:08+00:00,Tony's Pizza Napoletana,pizza pizza pizza,,,Displayed
2025-01-11 22:34:56+00:00,Arsicault Bakery,no croissants that i can eat,,,Displayed
2025-01-12 21:32:59+00:00,Cafe Istanbul,post church lunch!,,,Displayed
2025-01-14 03:44:23+00:00,Pancho Villa Taqueria,too good to go per rons rec,,,Displayed
2025-01-15 02:36:29+00:00,Kunjip,kunjip hannah featuring jerms and izzy,,,Displayed
2025-01-16 03:05:52+00:00,Ramen Parlor,eggs are expensive,,,Displayed
2025-01-19 01:37:22+00:00,Mensho,post helping hannah assemble things,,,Displayed
2025-01-19 21:13:18+00:00,Curry Hyuga,post church lunch!,,,Displayed
2025-01-20 03:24:17+00:00,MAZRA,goodbye abe,,,Displayed
2025-01-21 20:34:09+00:00,Arsicault Bakery,pto bakery run,,,Displayed
2025-01-21 20:49:01+00:00,Cafe Bunn Mi,still pro,,,Displayed
2025-01-23 03:26:50+00:00,The Bird,ryan lives in the city,,,Displayed
2025-01-23 04:12:38+00:00,Suppenküche,ryan got a free beer tasting,,,Displayed
2025-01-25 21:43:36+00:00,In-N-Out Burger,post church members meeting lunch,,,Displayed
2025-01-26 01:00:16+00:00,Heytea,jess drinks boba,,,Displayed
2025-01-26 21:14:42+00:00,La Petite Camille,post church lunch!,,,Displayed
2025-01-27 02:02:49+00:00,K-Noodle,post soccer dinner,,,Displayed
2025-01-28 03:14:51+00:00,Zareen's,small group again,,,Displayed
2025-01-30 02:22:47+00:00,Lime Tree Southeast Asian Kitchen,pre trivia dinner,,,Displayed
2025-01-30 03:27:14+00:00,Lost Marbles,trivia is loud,,,Displayed
2025-01-30 06:33:21+00:00,Raising Cane's Chicken Fingers,jess is upset that everything has changed,,,Displayed
2025-01-31 03:15:52+00:00,Myung Dong Tofu Cabin,jess wants soupy foods,,,Displayed
2025-02-02 02:21:37+00:00,The Pots Hot Pot,happy chinese new year,,,Displayed
2025-02-03 00:33:36+00:00,T4,post gym day basketball,,,Displayed
2025-02-03 02:32:49+00:00,Nick The Greek - Downtown San Mateo,jess,,,Displayed
2025-02-04 03:30:56+00:00,Sizzling Lunch - Foster City,will we work out today??,,,Displayed
2025-02-06 02:54:14+00:00,Tacos El Grullense,small group,,,Displayed
2025-02-08 21:19:45+00:00,La Taqueria,pre watching about time with the boys,,,Displayed
2025-02-09 04:00:25+00:00,Ox 9 Lanzhou Handpulled Noodles,jess is matching me,,,Displayed
2025-02-10 03:39:05+00:00,Ginza Bairin Tonkatsu & Yoshoku Bistro,post watching the eagles destroy the chiefs in the super bowl,,,Displayed
2025-02-10 21:47:59+00:00,Duke's Waikiki,we’ll see if i’m allergic to kukui nuts,,,Displayed
2025-02-11 02:09:24+00:00,Ko Hana Distillers,lots of rum,,,Displayed
2025-02-11 03:55:12+00:00,Liliha Drive Inn,mochiko,,,Displayed
2025-02-11 20:02:37+00:00,Kona Coffee Purveyors,i mean we have b patisserie at home,,,Displayed
2025-02-11 20:23:13+00:00,Banán - Waikiki Beach Shack,Accidentally getting a bowl and not a cup,,,Displayed
2025-02-11 23:38:07+00:00,Maguro Spot,a solo poke adventure,,,Displayed
2025-02-12 01:43:59+00:00,Monkeypod Kitchen,happy hour and the live music is right next to us,,,Displayed
2025-02-12 07:16:40+00:00,Marugame Udon,testing if this is better than the california versions,,,Displayed
2025-02-12 21:33:50+00:00,Totoya,waiting in a line,,,Displayed
2025-02-12 22:13:42+00:00,Crack Seed Store,no crack but lots of li hung,,,Displayed
2025-02-12 22:19:58+00:00,Pipeline Bakeshop & Creamery,cocoa malasada,,,Displayed
2025-02-13 00:33:48+00:00,Off the Hook Poke Market,post hike poke,,,Displayed
2025-02-13 01:01:39+00:00,Waiola Shave Ice,i never get anything here tbh,,,Displayed
2025-02-13 01:27:46+00:00,Pai Cafe,acaí time,,,Displayed
2025-02-13 02:01:30+00:00,Ono Seafood,right before closing,,,Displayed
2025-02-13 06:19:23+00:00,Musubi Cafe Iyasume Beachwalk,pre show musubi,,,Displayed
2025-02-13 18:50:34+00:00,Waffle and Berry,random acai,,,Displayed
2025-02-13 22:02:53+00:00,Helena's Hawaiian Food,kodys suggestion,,,Displayed
2025-02-13 22:56:45+00:00,7-Eleven Hawaii,musubi,,,Displayed
2025-02-16 02:55:23+00:00,Lotus Falafel and Shawarma,jess doesn’t remember to change clothes and is thus cold,,,Displayed
2025-02-16 04:17:56+00:00,Buena's Organic Soft Serve,supporting new local businesses,,,Displayed
2025-02-18 02:11:51+00:00,Tacos El Patron,overstimulation in the city with kenny,,,Displayed
2025-02-19 02:49:26+00:00,bb.q Chicken San Bruno,spring 2025 growth group #1,,,Displayed
2025-02-23 00:23:24+00:00,Chick-fil-A,happy birthday jess,,,Displayed
2025-02-23 21:49:36+00:00,wonderful,post church lunch!,,,Displayed
2025-02-24 03:30:59+00:00,Wingstop,will we actually plan japan today,,,Displayed
2025-02-25 03:07:16+00:00,IHOP,small group,,,Displayed
2025-02-26 02:46:24+00:00,Ox 9 Lanzhou Handpulled Noodles,pre captain america dinner,,,Displayed
2025-03-03 23:41:31+00:00,walden woods kyoto,strawberry milk might kill me,,,Displayed
2025-03-04 09:55:44+00:00,すしてつ先斗町店,rens suggestion,,,Displayed
2025-03-04 13:43:54+00:00,Bar Alchemist,finally finding an open/available bar,,,Displayed
2025-03-05 02:39:28+00:00,鳥岩楼,ryan found this place in a magazine,,,Displayed
2025-03-06 04:31:25+00:00,しゅばく,after lots of matcha shopping,,,Displayed
2025-03-16 19:54:51+00:00,Ben Tre Vietnamese Homestyle Cuisine,post church lunch!,,,Displayed
2025-03-17 02:07:03+00:00,Zhangliang Malatang,meals back in the us,,,Displayed
2025-03-18 02:07:54+00:00,Tacos El Grullense,small group dinner,,,Displayed
2025-03-21 01:25:05+00:00,Imperial Treasure,random team dinner,,,Displayed
2025-03-22 02:01:43+00:00,Oz Korean BBQ - Sacramento,happy bachelor party to christian,,,Displayed
2025-03-22 05:31:03+00:00,Bonn Lair,christian hit his head,,,Displayed
2025-03-22 06:23:05+00:00,The Jungle Bird,another bar,,,Displayed
2025-03-22 18:13:57+00:00,Nopalitos,meetup with zeke,,,Displayed
2025-03-22 19:08:56+00:00,Burgers and Brew,chicken tendies,,,Displayed
2025-03-23 00:45:18+00:00,Chambers Room,$5 beer 24 oz,,,Displayed
2025-03-23 05:21:01+00:00,Bonn Lair,another bad,,,Displayed
2025-03-23 17:16:04+00:00,Roxie Deli & Barbeque,breakfast sandwiches that hopefully don’t destroy my stomach,,,Displayed
2025-03-24 03:22:40+00:00,Chipotle Mexican Grill,,,,Displayed
2025-03-29 19:40:01+00:00,Phil's Fish Market & Eatery,happy birthday jt!,,,Displayed
2025-03-30 02:55:39+00:00,Passionfish,happy birthday jt,,,Displayed
2025-03-31 03:49:33+00:00,Chipotle Mexican Grill,poke house said no,,,Displayed
2025-04-02 03:31:05+00:00,The Bitter End,last second trivia,,,Displayed
2025-04-04 02:03:13+00:00,Ramen Nagi,jess really wants ramen magi,,,Displayed
2025-04-04 02:46:28+00:00,Maruwu Seicha,matcha is so much more expensive here,,,Displayed
2025-04-06 20:47:59+00:00,Palmetto Superfoods,post church lunch!,,,Displayed
2025-04-06 20:56:42+00:00,Pizza My Heart,actually this is my post church lunch,,,Displayed
2025-04-07 00:25:39+00:00,Seapot Hot Pot & KBBQ,post cemetery happy birthday auntie kamee,,,Displayed
2025-04-08 02:05:30+00:00,Tacos El Grullense,small group dinner,,,Displayed
2025-04-13 20:28:33+00:00,Poké House - San Mateo,post church lunch!,,,Displayed
2025-04-14 02:22:55+00:00,Chopstix & Taiwanese Bentos,popcorn chicken,,,Displayed
2025-04-15 01:55:23+00:00,House Of Pancakes,i hope kristen likes this,,,Displayed
2025-04-15 03:48:27+00:00,NaYa Dessert Cafe,kristen can’t decide desserts,,,Displayed
2025-04-16 01:44:03+00:00,Namaste Indian Cuisine,amos is back from idaho,,,Displayed
2025-04-16 04:02:50+00:00,Salt & Straw,will the warriors win,,,Displayed
2025-04-17 01:57:45+00:00,In-N-Out Burger,i will try to eta a burger very quickly,,,Displayed
2025-04-18 01:38:08+00:00,Wooly Pig,apparently james’s favorite spot in the city,,,Displayed
2025-04-19 04:57:51+00:00,In-N-Out Burger,post good friday service food,,,Displayed
2025-04-19 23:11:12+00:00,T% Coffee + Tea - Santa Clara,hannah has a crazy life,,,Displayed
2025-04-21 01:14:55+00:00,Tad’s Steak House,happy birthday uncle ernie but also warriors game 1,,,Displayed
2025-04-23 00:43:07+00:00,Pizza My Heart,growth group dinner,,,Displayed
2025-04-25 02:00:09+00:00,Thai Taste Kitchen,driving to east bay is tough,,,Displayed
2025-04-25 20:29:24+00:00,Saigon Oi,dani and vannica eat viet food,,,Displayed
2025-04-26 03:09:37+00:00,Tres Hermanas,christians rec,,,Displayed
2025-04-27 18:58:34+00:00,Garden of Eat'n,day after christian’s wedding,,,Displayed
2025-04-28 00:49:36+00:00,In-N-Out Burger,there’s no in n out in seattle,,,Displayed
2025-04-28 03:58:55+00:00,Rose Tea Lounge - Elk Grove,i’ve heard all about this place before,,,Displayed
2025-05-04 02:40:59+00:00,Mama's Boy,pizza,,,Displayed
2025-05-04 03:38:25+00:00,TOMO Tea House,too good to go,,,Displayed
2025-05-05 00:52:59+00:00,BJ's Restaurant & Brewhouse,warriors game 7,,,Displayed
2025-05-06 01:30:25+00:00,La Nueva Perla,cinco de mayo with derrick,,,Displayed
2025-05-10 05:18:27+00:00,Meet Fresh,meeting jess’s family,,,Displayed
2025-05-11 02:40:45+00:00,Yakitori Kokko,happy graduation jess,,,Displayed
2025-05-11 04:32:21+00:00,Somisomi,post jess grad dinner dessert,,,Displayed
2025-05-11 20:39:23+00:00,Nick The Greek - Downtown San Mateo,post church lunch!,,,Displayed
2025-05-12 01:02:54+00:00,Green Island Restaurant,maybe a mother’s day dinner maybe a birthday dinner who knows,,,Displayed
2025-05-14 03:01:33+00:00,Harris' Restaurant,birthday dinner with jess,,,Displayed
2025-05-14 04:47:40+00:00,Bob's Donuts & Pastry Shop,obligatory,,,Displayed
2025-05-15 01:30:08+00:00,Olhso House,happy birthday again,,,Displayed
2025-05-17 02:23:16+00:00,Quickly,pre movie,,,Displayed
2025-05-17 20:26:19+00:00,Pho de Nguyen,post men’s prayer brunch lunch,,,Displayed
2025-05-17 23:43:54+00:00,Ceré Tea,banana pudding matcha,,,Displayed
2025-05-18 03:36:43+00:00,Aqui Cal-Mex,a frozen marg,,,Displayed
2025-05-18 20:34:20+00:00,Special Hainan Chicken,post church lunch!,,,Displayed
2025-05-20 02:25:30+00:00,Baron's Sino Kitchen & Bar,christine is a real person,,,Displayed
2025-05-21 03:20:06+00:00,Din Tai Fung,h1 2025 content offsite verticals dinner,,,Displayed
2025-05-22 01:26:29+00:00,The Dolar Shop,h1 2025 content offsite dinner day 2,,,Displayed
2025-05-22 04:45:43+00:00,13 Coins Bellevue,after dinner drinks,,,Displayed
2025-05-23 02:19:28+00:00,Momiji SLU,h1 2025 content offsite final dinner,,,Displayed
2025-05-23 06:33:04+00:00,JOEY Bellevue,final drinks,,,Displayed
2025-05-23 19:37:02+00:00,McDonald's,airport food,,,Displayed
2025-05-24 20:50:17+00:00,Mints & Honey,i did not get to look at the menu,,,Displayed
2025-05-24 23:07:49+00:00,Haiku Teahouse,guava matcha,,,Displayed
2025-05-25 02:33:41+00:00,Pho Thin Ha Noi,because hannah recommended it at some place,,,Displayed
2025-05-26 01:39:29+00:00,Cafe Orchid,ron likes hk food,,,Displayed
2025-05-26 04:47:13+00:00,Garden Creamery,definitely past closing,,,Displayed
2025-05-27 01:37:02+00:00,Pink Onion,sydney’s annual hangout and goodbye,,,Displayed
2025-05-29 02:14:53+00:00,El Palenque Taqueria,dalena kinda knows spanish,,,Displayed
2025-05-31 19:51:51+00:00,Mr Sun Tea,boba tasting,,,Displayed
2025-06-01 01:03:07+00:00,Taishoken - San Mateo,post boba tasting,,,Displayed
2025-06-01 02:29:07+00:00,Antoine's Cookie Shop,,,,Displayed
2025-06-01 20:08:16+00:00,In-N-Out Burger,post church lunch!,,,Displayed
2025-06-02 02:11:47+00:00,Seapot Hot Pot & KBBQ,happy birthday dalena,,,Displayed
2025-06-04 00:50:18+00:00,Curry Hyuga,growth group dinner,,,Displayed
2025-06-05 01:48:30+00:00,Sushi Kazoku,,,,Displayed
2025-06-05 03:31:32+00:00,SF Gelateria,jess got exactly one gummy,,,Displayed
2025-06-07 03:08:05+00:00,Chome,a very long menu,,,Displayed
2025-06-07 04:56:05+00:00,Garden Creamery,super long lines,,,Displayed
2025-06-08 20:28:32+00:00,Li's Knife Cut Noodle,post church lunch!,,,Displayed
2025-06-11 01:59:29+00:00,Chisme Cantina,pre grentperez who is an artist that i definitely know,,,Displayed
2025-06-11 06:33:54+00:00,Bob's Donuts & Pastry Shop,post grentperez,,,Displayed
2025-06-12 01:09:02+00:00,Espetus - San Mateo,happy birthday dad,,,Displayed
2025-06-14 15:19:05+00:00,The Midwife and the Baker,stop #1 on the bread crAwl,,,Displayed
2025-06-14 16:56:13+00:00,Manresa Bread,joanne is mad because i dont look at jess enough. bakery crawl stop 2,,,Displayed
2025-06-14 18:35:41+00:00,Clover Bakery & Cafe,bakery crawl stop 3 but not a lot of room inside,,,Displayed
2025-06-14 20:19:24+00:00,Croissante,bakery crawl stop 4,,,Displayed
2025-06-14 23:35:20+00:00,Ttobongee Chicken,no longer bread,,,Displayed
2025-06-15 03:26:33+00:00,Matcha Cafe Maiko,a matcha pick me up,,,Displayed
2025-06-15 20:54:59+00:00,"sweetgreen - Healthy Salads, Bowls and Plates",post church lunch! also not getting an avocado in my guacamole bowl,,,Displayed
2025-06-16 01:47:05+00:00,Cheung Hing,it’s father’s day,,,Displayed
2025-06-18 00:33:47+00:00,California Fish Grill,pre movie taco tuesday,,,Displayed
2025-06-20 02:59:55+00:00,Pho Huynh Sang,post lots of volleyball,,,Displayed
2025-06-21 17:08:19+00:00,Chao’s Strawberries,last minute “encore” strawberry picking,,,Displayed
2025-06-21 17:46:00+00:00,McKinney Farms,and some peaches too,,,Displayed
2025-06-21 20:28:53+00:00,Nick The Greek - Downtown San Mateo,post strawberry picking lunch,,,Displayed
2025-06-22 01:33:08+00:00,Cheung Hing,happy birthday dad and timmy,,,Displayed
2025-06-22 20:23:38+00:00,Rise Pizzeria - Burlingame,post church lunch!,,,Displayed
2025-06-25 01:26:10+00:00,Taishoken - San Mateo,pre how to train your dragon which is apparently a live action movie,,,Displayed
2025-06-28 01:10:17+00:00,Sapore Express,corey wants to gym,,,Displayed
2025-06-28 19:24:54+00:00,SAJJ Mediterranean,post badminton and i am sore from legs,,,Displayed
2025-06-29 02:39:54+00:00,Fuji Sukiyaki,before ron poisons us with his pie,,,Displayed
2025-06-29 20:44:00+00:00,Jinweide Lanzhou Beef Noodles,post church lunch!,,,Displayed
2025-07-03 01:08:22+00:00,Off the Grid Foster City,cochinita mayan cuisine,,,Displayed
2025-07-04 21:01:38+00:00,Five Guys,happy 4th of july,,,Displayed
2025-07-05 18:51:19+00:00,Cheung Hing,jess is asleep and late,,,Displayed
2025-07-07 02:21:45+00:00,Lotus Falafel and Shawarma,post soccer i am dead,,,Displayed
2025-07-09 04:25:55+00:00,In-N-Out Burger,alfred is very hungry after badminton,,,Displayed
2025-07-11 02:19:48+00:00,Chick-fil-A,3 free strips,,,Displayed
2025-07-11 02:47:08+00:00,Sizzling Lunch - Foster City,jess might try and gym,,,Displayed
2025-07-12 02:24:20+00:00,House Of Pancakes,pre watching a crown game,,,Displayed
2025-07-12 05:16:52+00:00,Lost and Found,after a very heated crown game,,,Displayed
2025-07-13 00:28:08+00:00,Ling Nam Restaurant and Bakeshop,starbread for ryan,,,Displayed
2025-07-13 02:53:39+00:00,Pandora Karaoke,ryan’s birthday singing,,,Displayed
2025-07-13 20:51:09+00:00,Takahashi Market,post church lunch!,,,Displayed
2025-07-14 02:07:16+00:00,Tang Bar,post volleyball dinner and i’m tired,,,Displayed
2025-07-17 02:11:51+00:00,Mom's Tofu House,a korean mom is cooking,,,Displayed
2025-07-18 03:02:11+00:00,Costco Food Court,,,,Displayed
2025-07-19 02:17:00+00:00,Ramen Nagi,post meta dinner,,,Displayed
2025-07-19 03:18:48+00:00,Maruwu Seicha,obligatory post ramen nagi,,,Displayed
2025-07-20 19:44:10+00:00,K-Noodle,post church lunch! fast meeting,,,Displayed
2025-07-23 02:33:41+00:00,Li's Knife Cut Noodle,jess tries to figure out haircuts,,,Displayed
2025-07-25 01:19:22+00:00,Fuji Sukiyaki,not seeing zuck,,,Displayed
2025-07-26 02:17:01+00:00,Kevin’s Noodle House,pre crown game spectating dinner,,,Displayed
2025-07-27 20:48:13+00:00,Amami Sushi Bistro,post church lunch!,,,Displayed
2025-07-28 03:11:41+00:00,Udon Mugizo - San Mateo,we found hui lau shan,,,Displayed
2025-07-30 01:56:32+00:00,Sourdough & Co.,pre fantastic 4 dinner,,,Displayed
2025-08-01 01:52:44+00:00,Zareen's,small group finally,,,Displayed
2025-08-02 02:16:08+00:00,In-N-Out Burger,pre morgan wallen concert,,,Displayed
2025-08-04 00:36:46+00:00,Teazzi Tea Shop,2025 q3 boba post 10 games of basketball,,,Displayed
2025-08-04 02:13:25+00:00,Liang's Village,jess did not manage to order in chinese,,,Displayed
2025-08-05 02:50:01+00:00,Kajiken,preston is in town so a west wildcat reunion,,,Displayed
2025-08-05 04:17:44+00:00,O'Neill's Irish Pub,because no dessert was open,,,Displayed
2025-08-08 02:48:32+00:00,Li's Knife Cut Noodle,witnessing a car that doesn’t know how to back up and hit another car,,,Displayed
2025-08-09 02:33:01+00:00,Paik’s Noodle,pre basketball dinner with joei,,,Displayed
2025-08-10 20:49:10+00:00,Lotus Falafel and Shawarma,post church lunch!,,,Displayed
2025-08-12 01:37:08+00:00,Tacos El Grullense,small group lamentations,,,Displayed
2025-08-13 18:17:17+00:00,In-N-Out Burger,it is HOT,,,Displayed
2025-08-13 23:01:26+00:00,Torotea,apparently i’m getting boba on this trip,,,Displayed
2025-08-14 22:14:36+00:00,Tea Master Matcha Cafe & Green Tea Shop,my second matcha today,,,Displayed
2025-08-15 00:39:20+00:00,Quarters Korean BBQ,jess ditched me,,,Displayed
2025-08-15 02:55:27+00:00,Avenue 26 Tacos,mini taco crawl stop #1,,,Displayed
2025-08-15 03:46:52+00:00,Angel’s Tijuana Tacos,random guy on reddit was right - this is good,,,Displayed
2025-08-15 20:09:25+00:00,Torotea,apparently jess loves this place now,,,Displayed
2025-08-16 00:10:36+00:00,Capital Seafood Restaurant,dimsum with the lins,,,Displayed
2025-08-16 01:16:30+00:00,Akasaka Sushi Restaurant,"a large chirashi bowl with jess, emily and kody",,,Displayed
2025-08-16 04:55:50+00:00,Churros Don Abel El Gordo,churro time,,,Displayed
2025-08-16 18:25:07+00:00,Woon,getting back in line multiple times,,,Displayed
2025-08-17 17:14:23+00:00,Little French Bakery,pre lighthouse pastry,,,Displayed
2025-08-17 21:01:53+00:00,Kagura - Torrance,post (lighthouse!) church lunch!,,,Displayed
2025-08-17 23:15:01+00:00,Better Buzz Coffee Costa Mesa,food coma means we can’t make it straight to sd,,,Displayed
2025-08-18 03:03:38+00:00,Izakaya Sakura,it is san diego,,,Displayed
2025-08-18 05:07:33+00:00,El Tigre Churros Y Platanos,more churros,,,Displayed
2025-08-18 17:36:53+00:00,LONGPLAY HiFi,this is not what we expected,,,Displayed
2025-08-18 18:46:42+00:00,Hawaiian Fresh Seafood Liberty Station,not as big of portions as jess remembered,,,Displayed
2025-08-18 20:30:14+00:00,An’s Electronics Repair,ice cream and tvs,,,Displayed
2025-08-18 23:32:36+00:00,Ironside Fish & Oyster,dollar oyster happy hour,,,Displayed
2025-08-19 02:52:05+00:00,Shan Xi Magic Kitchen,cold juju bean soy milk,,,Displayed
2025-08-19 04:54:22+00:00,3CAT Handcrafted Beverage,it might have dairy,,,Displayed
2025-08-19 18:12:48+00:00,Wayfarer Bread & Pastry,the c ponies aren’t THAT expensive,,,Displayed
2025-08-19 19:02:49+00:00,Il Giardino di Lilli,lots of things have nuts,,,Displayed
2025-08-19 19:16:19+00:00,The Taco Stand,obligatory taco run,,,Displayed
2025-08-19 20:00:19+00:00,Bobboi Natural Gelato,jess doesn’t know what she wants,,,Displayed
2025-08-19 21:00:19+00:00,Yun Tea House,tryna see if the hype is legit,,,Displayed
2025-08-20 00:31:06+00:00,TJ Tacos,not tacos el gordo but close,,,Displayed
2025-08-20 01:29:55+00:00,Gelu Italian Ice - San Diego,we are randomly in a warehouse,,,Displayed
2025-08-20 21:59:22+00:00,Phil's BBQ,since it’s right next door,,,Displayed
2025-08-21 02:04:13+00:00,Wa Dining OKAN,joyce has a courageous food order,,,Displayed
2025-08-21 04:10:51+00:00,Convoy Music Bar,friend tried to kill me in the back alley,,,Displayed
2025-08-21 18:21:53+00:00,JJ Bakery & Cafe,hot dog buns,,,Displayed
2025-08-21 21:21:57+00:00,Dunkin',i need caffeine,,,Displayed
2025-08-22 01:09:39+00:00,Chipotle Mexican Grill,they have no lids here,,,Displayed
2025-08-23 19:36:43+00:00,Kunjip,hannah is here,,,Displayed
2025-08-24 19:56:42+00:00,Diamond Head General Store,post church lunch!,,,Displayed
2025-08-25 02:56:16+00:00,Mi Tienda Supermarket,dollar tacos,,,Displayed
2025-08-25 06:11:54+00:00,O'Neill's Irish Pub,boys night with the hs buddies,,,Displayed
2025-08-25 06:52:02+00:00,Barrelhouse Burlingame,empanada time,,,Displayed
2025-08-26 01:52:25+00:00,Zareen's,last small group??,,,Displayed
2025-08-27 05:07:59+00:00,Scarlet Lounge,trivia night,,,Displayed
2025-08-31 03:05:08+00:00,Sushi Kazoku,post kpop demon hunters,,,Displayed
2025-08-31 20:09:53+00:00,Naan Point,post church lunch!,,,Displayed
2025-09-01 19:20:31+00:00,Plow,ryan wants us all to get plowed,,,Displayed
2025-09-04 01:56:13+00:00,Kajiken,dinner with ryan,,,Displayed
2025-09-04 02:43:18+00:00,Fogbird,hopefully i will be affected by this milk drink,,,Displayed
2025-09-05 00:02:36+00:00,Fire Wings,happy nfl season,,,Displayed
2025-09-07 01:21:05+00:00,YGF Malatang,i don’t speak chinese,,,Displayed
2025-09-07 19:59:36+00:00,Habit Burger & Grill,post church lunch!,,,Displayed
2025-09-08 00:44:35+00:00,Cheung Hing,happy birthday auntie nina,,,Displayed
2025-09-08 21:09:04+00:00,NY Pizza Suprema,obligatory pizza first food,,,Displayed
2025-09-09 00:21:45+00:00,Nami Nori,hello danny and tamlyn,,,Displayed
2025-09-09 22:20:40+00:00,Jongro BBQ,q3 metaverse content offsite day 1 dinner,,,Displayed
2025-09-09 23:53:48+00:00,Nana’s Green Tea,post dinner dessert,,,Displayed
2025-09-10 21:30:14+00:00,Soothr,q3 metaverse content offsite day 2 dinner,,,Displayed
2025-09-10 23:33:43+00:00,The Copper Still,losing momentum for karaoke,,,Displayed
2025-09-11 01:47:53+00:00,The Immigrant,last stop,,,Displayed
2025-09-11 21:42:29+00:00,Estiatorio Milos - Midtown New York,i am so underdressed,,,Displayed
2025-09-12 01:12:39+00:00,Bartley Dunnes,drinks,,,Displayed
2025-09-12 04:08:09+00:00,Katana Kitten,last drinks,,,Displayed
2025-09-12 17:53:06+00:00,Capital One Lounge at JFK,very nice lounge,,,Displayed
2025-09-13 02:31:27+00:00,Chipotle Mexican Grill,post ny chipotle,,,Displayed
2025-09-15 01:07:42+00:00,Pho Element,,,,Displayed
2025-09-22 00:57:53+00:00,Pancho Villa Taqueria,post volleyball food,,,Displayed
2025-09-22 03:20:54+00:00,Baskin-Robbins,it’s 31,,,Displayed
2025-09-24 01:54:24+00:00,Udon Mugizo - San Mateo,dinner with allan,,,Displayed
2025-09-27 03:28:21+00:00,Sizzling Lunch - Foster City,i did not go longboarding,,,Displayed
2025-09-27 21:04:53+00:00,Taste & Glory,this is not an early brunch,,,Displayed
2025-09-27 23:41:47+00:00,Beard Papa's,jess finally gets to come here,,,Displayed
2025-09-28 20:47:28+00:00,Shake Shack Hillsdale,post church lunch! but it’s everyone and it’s super crowded,,,Displayed
2025-09-29 02:07:46+00:00,Wooga Premium Korean BBQ,my shoulder really hurts from capture the flag,,,Displayed
2025-10-01 06:36:13+00:00,In-N-Out Burger,post laufey my favorite artist,,,Displayed
2025-10-04 02:42:45+00:00,Chick-fil-A,jess loves chick fil a,,,Displayed
2025-10-05 04:06:14+00:00,Mumu Hot Pot,east bay adventures,,,Displayed
2025-10-06 00:23:03+00:00,Diamond Head General Store,post church lunch!,,,Displayed
2025-10-06 00:23:21+00:00,Avenida Restaurant,happy birthday kristen,,,Displayed
2025-10-08 04:59:35+00:00,Zareen's,food after one battle after another,,,Displayed
2025-10-09 00:34:11+00:00,10 Butchers Korean BBQ,happy birthday kristen,,,Displayed
2025-10-11 19:05:33+00:00,Bon Delire,chase credits,,,Displayed
2025-10-11 22:47:55+00:00,Golden Gate Bakery,randomly open,,,Displayed
2025-10-12 20:32:43+00:00,Curry Hyuga,post church lunch!,,,Displayed
2025-10-18 20:27:32+00:00,Wooden Spoon,post cafe oei,,,Displayed
2025-10-19 02:48:43+00:00,Pho Element,i will be in japan soon,,,Displayed
2025-11-01 02:52:11+00:00,House Of Pancakes,not in japan,,,Displayed
2025-11-01 04:31:45+00:00,Molly Tea,jess and i accidentally cut the line at the soft opening,,,Displayed
2025-11-02 23:18:32+00:00,Toronado,hiroka needs beer,,,Displayed
2025-11-03 03:05:16+00:00,Lazy Dog Restaurant & Bar,allstate mates,,,Displayed
2025-11-04 03:37:22+00:00,Hummus Mediterranean Kitchen,why is jess so mad at me,,,Displayed
2025-11-06 04:17:36+00:00,Leo’s Tacos Truck,jess wants tacos,,,Displayed
2025-11-07 02:12:32+00:00,Han Sang,jess lost in basketball 10-0,,,Displayed
2025-11-09 01:19:12+00:00,Rise Woodfire Pizza & Rotisserie,tennis was full,,,Displayed
2025-11-09 21:23:04+00:00,Momo & Curry Nepal,post church lunch!,,,Displayed
2025-11-10 01:50:43+00:00,Kevin’s Noodle House,happy birthday kyle and kameron,,,Displayed
2025-11-12 03:28:39+00:00,Hinata,happy 1 year,,,Displayed
2025-11-12 05:33:16+00:00,Bob's Donuts & Pastry Shop,they had no donut holes,,,Displayed
2025-11-13 02:39:48+00:00,Chick-fil-A,pre bible study food,,,Displayed
2025-11-16 21:30:44+00:00,L&L Hawaiian Barbecue,post church lunch featuring alfred,,,Displayed
2025-11-19 05:31:00+00:00,In-N-Out Burger,post movie food,,,Displayed
2025-11-20 02:27:33+00:00,Habit Burger & Grill,pre bible study food,,,Displayed
2025-11-22 02:23:08+00:00,Udon Mugizo - San Mateo,alfred exists,,,Displayed
2025-11-22 18:49:05+00:00,Taste & Glory,hannah is alive before vietnam,,,Displayed
2025-11-22 20:14:00+00:00,Kaizen & Coffee,i feel out of place,,,Displayed
2025-11-23 00:13:27+00:00,McDonald's,kristen has free stuff,,,Displayed
2025-11-23 01:22:27+00:00,Kevin’s Noodle House,i’m very tired but happy birthday mom,,,Displayed
2025-11-23 20:20:47+00:00,Habit Burger & Grill,post church lunch!,,,Displayed
2025-11-27 01:07:47+00:00,Udon Mugizo - San Mateo,post hike with peter and priscilla,,,Displayed
2025-11-30 21:37:14+00:00,Zhangliang Malatang,post church lunch!,,,Displayed
2025-11-30 23:05:31+00:00,Molly Tea,there are so many molly teas these days,,,Displayed
2025-12-01 03:31:00+00:00,In-N-Out Burger,everything is rushed,,,Displayed
2025-12-03 02:31:38+00:00,Hawaiian Drive Inn,pre trivia food,,,Displayed
2025-12-04 02:13:37+00:00,Udon Mugizo - San Mateo,weekly stop at udon mugizo,,,Displayed
2025-12-04 03:37:57+00:00,Meet Fresh,kristen hates meet fresh,,,Displayed
2025-12-06 20:29:51+00:00,Sohn,seeing everyone here,,,Displayed
2025-12-12 02:38:17+00:00,Udon Mugizo - San Mateo,i am always here,,,Displayed
2025-12-14 04:00:44+00:00,Mala Town Express,ron is now unhappy at the price,,,Displayed
2025-12-14 21:04:30+00:00,Curry Hyuga,post church lunch!,,,Displayed
2025-12-16 02:27:55+00:00,Nick The Greek,bogo,,,Displayed
2025-12-17 03:12:15+00:00,Rise Woodfire Pizza & Rotisserie,matt is back from asia,,,Displayed
2025-12-20 22:41:48+00:00,Pho Element,post singing to old people,,,Displayed
2025-12-23 22:45:53+00:00,Dogpatch Saloon,post paddle,,,Displayed
2025-12-24 18:31:28+00:00,Grand Harbor Dim Sum & Seafood,merry christmas eve,,,Displayed
2025-12-27 02:40:25+00:00,No 5 House,mr idaho is back,,,Displayed
2025-12-28 21:02:51+00:00,Taqueria San Bruno,post church lunch!,,,Displayed
2026-01-03 03:18:00+00:00,IKEA Restaurant,jess likes meatballs,,,Displayed
2026-01-04 21:24:57+00:00,Mendocino Farms,post church lunch!,-122.291039,37.544526,Displayed
2026-01-05 04:16:47+00:00,Sofra Grill,post helping jess move a tv stand,-122.426442,37.642214,Displayed
2026-01-07 02:15:09+00:00,Kajiken,pre zootopia 2,-122.324092,37.566853,Displayed
2026-01-09 03:05:23+00:00,Woodbury,van gogh to the polls,-122.393029,37.779112,Displayed
2026-01-10 02:42:21+00:00,Toto's Pizzeria & Restaurant - San Bruno,jess needs to build a couch,-122.428936,37.632469,Displayed
2026-01-11 20:52:22+00:00,Rise Pizzeria - Burlingame,post church lunch! fast lunch,-122.349109,37.576883,Displayed
2026-01-14 02:08:53+00:00,SF Kebab,pre jess’s first warriors game dinner,-122.389848,37.767529,Displayed
2026-01-18 03:16:47+00:00,Hungry Cow,happy tim day,-121.988222,37.520659,Displayed
2026-01-18 22:08:42+00:00,Blue Bowl Superfoods,first stop,-117.88654,33.681226,Displayed
2026-01-19 03:07:45+00:00,Chan Chan Food House,sup noodle was too long of a wait,-117.783675,33.706492,Displayed
2026-01-19 21:53:47+00:00,Mama Lu's Dumpling House,lunch with the lin’s,-118.306976,34.057771,Displayed
2026-01-19 21:54:15+00:00,DAMO,la matcha,-118.307076,34.057501,Displayed
2026-01-20 01:13:02+00:00,Lamonica's NY Pizza,jess tries ny slice,-118.446691,34.060931,Displayed
2026-01-20 02:52:09+00:00,Stereoscope Coffee,matcha again,-118.335691,34.091097,Displayed
2026-01-20 03:32:54+00:00,El Flamin Taco - Koreatown,taco crawl stop #1,-118.29154,34.064943,Displayed
2026-01-20 04:19:21+00:00,Tacos Los Cholos - Huntington Park,taco crawl stop #2,-118.225519,33.974723,Displayed
2026-01-20 05:38:11+00:00,Angel’s Tijuana Tacos,taco crawl stop 3,-118.225076,34.122142,Displayed
2026-01-20 06:08:06+00:00,Churros Don Abel,churros,-118.151545,34.019128,Displayed
2026-01-20 08:01:02+00:00,M & M Donuts,only 6 donuts,-117.937448,33.802674,Displayed
2026-01-20 20:34:54+00:00,Bear Flag Fish,tommy sauce,-117.832487,33.569746,Displayed
2026-01-21 21:46:16+00:00,SUP Noodle Bar - Irvine,dad really likes unlimited things,-117.784701,33.705342,Displayed
2026-01-22 21:28:16+00:00,Blue Bowl Superfoods,acai again,-117.839249,33.649348,Displayed
2026-01-23 03:44:18+00:00,PhoHolic,last dinner,-117.887819,33.688524,Displayed
2026-01-23 20:45:15+00:00,Seven Grams,last lunch,-117.810747,33.747794,Displayed
2026-01-23 22:28:40+00:00,Green Cheek Beer Co.,beer,-117.888557,33.678773,Displayed
2026-01-25 20:41:55+00:00,Habit Burger & Grill,post church lunch!,-122.386444,37.596624,Displayed
2026-01-27 04:00:02+00:00,Chick-fil-A,free cfa,-122.28413,37.559855,Displayed
2026-01-31 05:29:35+00:00,In-N-Out Burger,la food,-118.396827,33.953631,Displayed
2026-01-31 18:55:27+00:00,WAKE AND LATE,breakfast burritos,-118.259936,34.075287,Displayed
2026-01-31 20:26:42+00:00,Laveta,matcha,-118.260239,34.066211,Displayed
2026-01-31 23:08:13+00:00,Leo's Tacos Truck,la tacos,-118.260995,34.067808,Displayed
2026-02-01 03:41:25+00:00,The Win-Dow Silver Lake,the pizza place had no dough,-118.277402,34.090936,Displayed
2026-02-02 00:02:19+00:00,Leo's Tacos Truck,tacos again,-118.261002,34.067779,Displayed
2026-02-02 04:26:56+00:00,Din Tai Fung - Santa Monica,there was absolutely no wait for this!,-118.494457,34.012956,Displayed
2026-02-02 17:54:29+00:00,Pann's Restaurant,la diner vibes,-118.37046,33.978191,Displayed
2026-02-04 02:55:52+00:00,Pho Ha Noi,pho,-122.031998,37.321638,Displayed
2026-02-04 04:14:07+00:00,Matsu Matcha,jess likes matcha more than tacos,-121.981581,37.351701,Displayed
2026-02-05 03:57:23+00:00,Orphan Andy's,ryan is bad at directions,-122.434969,37.762682,Displayed
2026-02-07 20:38:01+00:00,Iraklis,no hubert,-121.962219,37.352895,Displayed
2026-02-07 23:12:20+00:00,Matcha Town,matcha,-122.014793,37.335397,Displayed
2026-02-08 02:10:08+00:00,Cheung Hing,happy chinese new year,-122.290426,37.530086,Displayed
2026-02-08 21:43:43+00:00,Poké House - San Mateo,post church lunch!,-122.291384,37.544856,Displayed
2026-02-13 03:22:49+00:00,Ramen Hajime,post a microcenter stroll,-121.994269,37.323936,Displayed
2026-02-13 04:26:17+00:00,Matsu Matcha,jess is obsessed,-121.981615,37.351665,Displayed
2026-02-14 02:36:06+00:00,Khao Tiew,this place is popping,-122.465124,37.741026,Displayed
2026-02-14 04:13:53+00:00,Kowloon Tong Dessert Cafe,chinese new year food with christine,-122.465444,37.781307,Displayed
2026-02-14 18:23:54+00:00,The Midwife and the Baker,bread crawl stop 1,-122.097433,37.416357,Displayed
2026-02-14 19:26:26+00:00,Portuguese Tasty Desserts,bakery crawl stop 2,-121.948229,37.354187,Displayed
2026-02-14 19:58:36+00:00,Tono coffee project,coffee stop,-121.891356,37.348587,Displayed
2026-02-14 20:22:24+00:00,CA Bakehouse,bakery crawl stop 3 has a crazy parking lot,-121.857257,37.331592,Displayed
2026-02-14 23:47:38+00:00,Izumi Matcha,apparently not even open,-122.323211,37.56483,Displayed
2026-02-16 00:29:34+00:00,Habit Burger & Grill,post church lunch!,-122.346711,37.580095,Displayed
2026-02-17 03:19:26+00:00,K. Grill & Tofu House,it is raining,-122.411431,37.626815,Displayed
2026-02-18 04:54:33+00:00,MAZRA,,-122.226855,37.486545,Displayed
2026-02-18 05:26:08+00:00,O'Neill's Irish Pub,it’s karaoke night,-122.324336,37.567061,Displayed
2026-02-21 06:34:55+00:00,Tacos El Grullense,post angry basketball,-122.225161,37.483966,Displayed
2026-02-23 03:07:36+00:00,Sushi Maruyama,happy birthday jess,-122.325271,37.567278,Displayed
2026-02-25 02:43:24+00:00,Kodawari Japanese Cuisine,ryan only eats japanese food,-122.290289,37.53013,Displayed
2026-02-26 03:42:14+00:00,Sofra Grill,it is crowded,-122.426422,37.642261,Displayed
2026-02-28 22:09:39+00:00,Milk Belly Bakery,jess is having a rough day,-121.889862,37.336359,Displayed
2026-02-28 22:45:53+00:00,Pastelaria Adega,,-121.889899,37.336563,Displayed
2026-02-28 23:26:48+00:00,Haiku Teahouse,i don’t like this chinese family,-121.879139,37.369967,Displayed
2026-03-04 02:52:11+00:00,Rise Pizzeria - Burlingame,jess gaslights me on where to park,-122.349109,37.576913,Displayed
